Player,Kicks,Marks,Handballs,Goals,Behinds,Hitouts,Tackles,Rebound50s,Inside50s,Clearances,Clangers,FreeKicksFor,FreeKicksAgainst,BrownlowVotes,Contested,ContestedMarks  ,MarksInside50,1%  ,Bounces,GoalAssists,TOG,PositionDef,PositionInsideMid,PositionRuck,PositionFor,Win
"Adams, Taylor",4,3,4,1,0,0,0,0,2,1,3,0,1,0,3,0,1,0,0,1,54,0,0,0,0,0
"Amartey, Joel",7,4,4,3,1,1,2,0,0,0,0,2,0,0,5,0,1,1,0,0,82,0,0,0,1,0
"Blakey, Nick",21,3,5,1,0,0,0,13,1,0,4,2,0,0,6,0,0,6,4,0,87,1,0,0,0,0
"Campbell, Braeden",6,2,2,0,0,0,4,1,4,0,0,0,0,0,2,0,0,1,0,1,80,0,0,0,1,0
"Florent, Oliver",9,3,7,0,2,0,2,1,1,0,5,2,2,0,3,0,0,5,1,0,77,0,0,0,0,0
"Grundy, Brodie",3,2,8,0,0,40,1,0,0,1,4,0,2,0,7,1,0,2,0,0,80,0,0,1,0,0
"Hanily, Tom",2,1,4,0,0,0,3,0,0,1,3,1,0,0,3,0,0,1,0,0,31,0,0,0,0,0
"Hayward, Will",4,0,1,1,0,0,4,0,0,0,0,1,0,0,2,0,0,1,0,0,79,0,0,0,1,0
"Heeney, Isaac",9,1,12,0,0,0,7,3,2,10,1,1,1,0,14,0,0,1,0,0,82,0,1,0,0,0
"Jordon, James",10,0,10,0,0,0,4,1,2,7,5,1,3,0,11,0,0,0,0,0,82,0,0,0,1,0
"Lloyd, Jake",11,3,8,0,0,0,4,6,1,1,4,2,0,0,4,0,0,3,0,0,87,0,0,0,0,0
"McCartin, Tom",7,7,0,1,1,0,1,0,3,0,2,1,1,0,3,2,1,1,0,0,89,1,0,0,0,0
"McInerney, Justin",11,6,5,0,1,0,2,0,2,1,4,1,4,0,8,2,0,0,0,2,87,0,0,0,0,0
"Melican, Lewis",8,6,3,0,0,0,1,2,0,0,2,0,0,0,4,0,0,12,0,0,89,1,0,0,0,0
"Papley, Tom",6,3,7,1,1,0,0,0,1,1,6,2,3,0,7,0,1,2,0,2,81,0,0,0,1,0
"Paton, Ben",4,2,8,0,0,0,1,1,0,0,1,0,1,0,5,0,0,3,0,0,73,1,0,0,0,0
"Rampe, Dane",10,4,1,0,0,0,2,4,1,1,4,1,1,0,3,0,0,5,0,0,90,1,0,0,0,0
"Roberts, Matt",20,9,6,0,0,0,2,4,4,0,2,0,1,0,7,0,0,2,0,0,95,1,0,0,0,0
"Rowbottom, James",13,2,3,1,0,0,2,0,4,3,2,0,0,0,4,0,0,0,0,0,80,0,1,0,0,0
"Sheldrick, Angus",6,1,3,0,0,0,2,0,4,1,3,0,1,0,3,0,0,0,0,0,48,0,0,0,0,0
"Warner, Chad",16,5,5,2,1,0,2,3,6,2,3,1,1,1,6,0,1,0,4,1,87,0,1,0,0,0
"Warner, Corey",3,1,7,0,0,0,4,2,1,3,0,0,0,0,5,0,0,0,0,0,71,0,0,0,0,0
"Wicks, Sam",13,3,5,0,0,0,4,3,1,0,2,3,1,0,6,0,0,3,0,0,90,1,0,0,0,0
"Amon, Karl",21,6,6,1,2,0,1,3,6,2,4,2,0,0,4,0,0,1,1,0,82,0,1,0,0,1
"Barrass, Tom",6,6,3,0,0,0,1,0,1,0,3,1,2,0,2,1,0,8,0,1,94,1,0,0,0,1
"Battle, Josh",11,6,2,0,1,0,1,3,3,0,2,0,1,0,2,1,0,3,0,0,88,1,0,0,0,1
"Chol, Mabior",4,3,5,1,0,2,2,0,0,0,1,0,1,0,7,1,1,2,0,0,90,0,0,0,1,1
"DAmbrosio, Massimo",16,6,3,0,0,0,1,4,4,2,3,0,1,0,4,0,0,0,4,2,79,0,0,0,0,1
"Day, Will",17,4,9,3,0,0,6,4,6,9,1,6,0,3,13,0,0,2,0,1,73,0,1,0,0,1
"Frost, Sam",2,0,1,0,0,0,0,1,0,0,1,1,1,0,3,0,0,4,0,0,44,1,0,0,0,1
"Ginnivan, Jack",9,1,7,0,1,0,3,0,3,2,4,1,1,0,6,0,0,2,0,1,75,0,0,0,1,1
"Hardwick, Blake",6,3,3,0,0,0,4,1,1,0,1,2,1,0,6,0,0,2,0,0,91,1,0,0,0,1
"Impey, Jarman",10,7,2,0,0,0,0,3,0,0,4,0,1,0,0,0,0,5,0,0,83,1,0,0,0,1
"Macdonald, Connor",5,2,3,1,0,0,2,1,3,0,1,0,1,0,1,0,1,0,0,0,70,0,0,0,0,1
"Mackenzie, Cam",6,4,10,0,0,0,7,0,4,3,2,0,1,0,11,0,0,2,0,0,73,0,0,0,0,1
"Maginness, Finn",7,2,6,1,2,0,2,0,3,0,1,0,0,0,4,0,1,0,0,0,72,0,0,0,1,1
"Meek, Lloyd",7,4,7,2,0,30,5,0,3,6,1,1,0,0,10,1,1,0,0,0,83,0,0,1,0,1
"Moore, Dylan",10,3,8,2,1,0,1,0,3,1,1,2,0,0,7,1,2,0,0,0,84,0,0,0,1,1
"Morrison, Harry",11,7,4,0,0,0,2,2,3,1,1,0,0,0,3,0,1,1,0,0,79,0,0,0,1,1
"Nash, Connor",8,2,12,1,0,0,5,0,3,6,2,1,2,0,12,0,1,0,1,0,80,0,1,0,0,1
"Newcombe, Jai",9,1,10,1,0,0,7,1,1,9,6,1,3,0,10,0,1,2,0,1,89,0,1,0,0,1
"Scrimshaw, Jack",12,8,6,0,0,0,3,1,1,0,0,1,0,0,5,2,0,1,0,0,77,1,0,0,0,1
"Sicily, James",15,8,5,1,0,0,0,2,3,0,4,2,2,2,10,5,2,4,0,1,91,1,0,0,0,1
"Watson, Nick",1,1,3,0,0,0,2,0,1,0,4,0,3,0,2,0,0,0,1,0,74,0,0,0,1,1
"Weddle, Josh",8,3,4,0,0,1,1,1,2,1,2,1,0,0,5,1,0,3,0,0,86,1,0,0,0,1
"Worpel, James",7,2,4,0,1,0,3,1,4,5,2,1,0,0,6,0,1,2,1,2,44,0,1,0,0,1
"Ash, Lachie",19,9,6,0,0,0,7,5,1,1,2,1,0,0,3,0,0,2,0,0,85,1,0,0,0,1
"Bedford, Toby",7,2,7,0,1,0,6,0,6,2,3,2,2,0,5,0,1,1,0,0,85,0,1,0,0,1
"Briggs, Kieren",1,1,0,0,0,5,0,0,1,0,1,0,1,0,0,0,0,0,0,0,12,0,0,1,0,1
"Brown, Callum",4,1,3,2,1,0,1,0,1,0,4,1,1,0,4,0,0,3,0,0,75,0,0,0,1,1
"Buckley, Jack",7,2,1,0,0,0,1,1,1,0,1,1,0,0,3,0,0,6,0,1,90,1,0,0,0,1
"Cadman, Aaron",3,1,2,0,2,0,2,0,0,0,4,3,3,0,4,0,0,2,0,0,93,0,0,0,1,1
"Callaghan, Finn",13,4,20,2,2,0,2,3,6,7,4,0,1,3,9,0,1,0,2,1,84,0,1,0,0,1
"Coniglio, Stephen",6,3,5,0,0,0,1,1,0,2,1,0,0,0,4,1,0,0,0,1,79,0,1,0,0,1
"Daniels, Brett",12,4,9,1,1,0,4,1,9,4,3,2,1,0,8,0,0,2,1,0,81,0,0,0,0,1
"Greene, Toby",11,5,7,1,2,0,2,1,5,3,1,4,0,0,7,0,2,0,0,0,86,0,0,0,1,1
"Gruzewski, Max",4,3,5,2,0,6,2,0,1,0,1,0,0,0,4,1,2,1,0,1,68,0,0,0,1,1
"Himmelberg, Harry",14,8,7,0,0,0,1,8,0,0,2,0,1,0,2,0,0,6,2,0,93,1,0,0,0,1
"Idun, Connor",10,6,5,0,0,0,4,4,1,0,1,0,0,0,4,0,0,3,1,0,89,1,0,0,0,1
"Jones, Darcy",9,2,6,2,1,0,1,1,3,1,0,0,0,0,7,0,0,1,3,0,79,0,0,0,1,1
"Keeffe, Lachlan",6,0,2,0,0,12,5,1,2,2,3,1,1,0,4,0,0,1,0,0,74,0,0,1,0,1
"Kelly, Josh",11,7,25,0,0,0,5,2,2,5,6,0,2,1,13,0,0,1,0,0,82,0,1,0,0,1
"Leake, James",4,2,7,1,1,0,1,0,1,3,1,2,1,0,7,0,2,1,0,0,54,0,0,0,0,1
"OHalloran, Xavier",8,2,5,2,0,0,4,0,2,1,3,2,1,0,4,0,0,0,0,1,86,0,0,0,0,1
"Stone, Conor",8,4,3,0,0,0,2,6,1,0,1,0,0,0,4,0,0,4,0,0,77,1,0,0,0,1
"Taylor, Sam",16,13,1,1,0,0,5,5,2,0,1,3,0,2,7,4,0,5,0,0,100,1,0,0,0,1
"Ward, Callan",13,6,10,1,0,0,1,2,4,1,2,1,0,0,2,0,0,1,0,2,91,0,1,0,0,1
"Wehr, Jacob",9,0,7,0,0,0,1,1,4,3,3,1,0,0,9,0,0,2,0,0,61,0,0,0,0,1
"Whitfield, Lachie",19,8,7,0,0,0,1,6,1,1,2,0,0,0,4,0,0,1,2,0,75,1,0,0,0,1
"Allan, Edward",5,1,14,0,1,0,1,0,4,3,2,1,1,0,7,0,0,0,0,1,82,0,0,0,0,0
"Cameron, Darcy",18,7,4,0,1,37,4,1,7,6,4,2,1,0,19,5,1,0,0,0,79,0,0,1,0,0
"Crisp, Jack",11,7,9,0,1,0,1,2,4,2,1,0,0,0,9,0,0,3,0,0,85,0,1,0,0,0
"Daicos, Josh",18,3,10,0,0,0,1,6,3,2,3,1,0,0,4,0,0,0,1,0,87,1,0,0,0,0
"Daicos, Nick",8,1,13,0,0,0,2,2,1,5,6,2,1,0,12,0,0,1,0,0,76,0,1,0,0,0
"Elliott, Jamie",9,5,7,2,0,0,0,0,3,1,5,0,2,0,6,1,1,1,0,0,87,0,0,0,1,0
"Hill, Bobby",9,4,3,1,2,0,2,0,4,1,1,0,1,0,4,0,0,0,0,0,76,0,0,0,1,0
"Hoskin-Elliott, Will",7,3,4,0,3,0,1,0,1,0,1,0,0,0,5,0,0,1,0,0,57,0,0,0,0,0
"Howe, Jeremy",11,6,2,0,0,0,1,6,1,1,4,0,1,0,3,1,0,3,0,1,76,1,0,0,0,0
"Lipinski, Patrick",8,2,9,0,0,0,1,2,0,2,1,1,0,0,8,0,0,2,0,0,85,0,0,0,0,0
"Long, Ned",5,3,4,0,1,0,0,1,4,3,1,0,1,0,6,0,0,0,0,0,26,0,0,0,0,0
"Maynard, Brayden",11,6,4,0,0,0,1,7,3,0,6,0,4,0,2,0,0,4,0,1,83,1,0,0,0,0
"McCreery, Beau",8,2,4,0,1,0,4,0,2,4,1,0,1,0,6,0,1,0,2,0,77,0,0,0,0,0
"McInnes, Reef",8,3,5,0,0,0,2,4,1,0,4,1,1,0,2,0,0,7,0,0,82,1,0,0,0,0
"McStay, Daniel",4,4,3,0,0,10,1,1,1,1,3,1,1,0,4,1,0,2,0,0,83,0,0,0,1,0
"Membrey, Tim",4,3,4,1,0,0,0,0,0,0,2,0,1,0,6,0,2,1,0,0,78,0,0,0,1,0
"Mihocek, Brody",6,3,3,2,0,0,1,0,2,0,3,1,2,0,3,0,1,2,0,0,76,0,0,0,1,0
"Moore, Darcy",10,5,3,0,0,0,3,1,1,0,3,1,2,0,4,1,0,4,0,0,95,1,0,0,0,0
"Pendlebury, Scott",8,4,11,0,0,0,1,1,1,4,4,0,2,0,7,0,0,1,0,0,82,0,1,0,0,0
"Perryman, Harry",14,3,13,0,1,0,3,1,3,1,3,0,0,0,7,0,0,0,1,0,83,0,0,0,0,0
"Quaynor, Isaac",10,5,6,0,0,0,2,2,6,1,3,1,1,0,4,0,0,1,0,0,84,1,0,0,0,0
"Schultz, Lachie",8,6,2,0,1,0,3,0,1,0,4,1,1,0,1,0,3,1,0,0,80,0,0,0,1,0
"Sidebottom, Steele",9,1,6,0,2,0,4,1,2,3,2,2,0,0,10,0,0,0,0,0,80,0,0,0,0,0
"Armstrong, Harry",2,1,3,0,0,0,1,0,0,0,1,0,1,0,5,0,0,1,0,1,66,0,0,0,1,1
"Banks, Sam",10,1,11,0,0,0,2,0,0,2,1,1,0,0,6,0,0,1,0,0,80,0,0,0,0,1
"Bauer, Jacob",6,4,3,1,1,0,4,0,1,1,3,2,0,0,2,1,3,1,0,0,83,0,0,0,1,1
"Blight, Jacob",4,3,2,0,0,0,1,2,0,0,1,1,0,0,4,2,0,5,0,0,55,1,0,0,0,1
"Broad, Nathan",8,2,3,0,0,0,3,4,0,0,5,2,2,0,5,0,0,3,1,0,88,1,0,0,0,1
"Brown, Tom",7,2,3,1,0,0,4,3,1,0,2,0,0,0,4,1,1,4,0,0,80,1,0,0,0,1
"Campbell, Seth",3,0,5,2,0,0,7,0,1,1,2,0,0,0,3,0,0,2,1,0,75,0,0,0,1,1
"Dow, Thomson",9,1,13,0,1,0,9,3,2,4,5,2,0,0,11,0,0,0,0,0,79,0,0,0,0,1
"Green, Steely",6,2,1,0,0,0,5,1,3,0,5,1,2,0,2,0,0,0,0,0,76,0,0,0,0,1
"Hopper, Jacob",7,2,15,1,0,0,6,1,0,3,4,0,2,0,7,0,1,0,0,0,79,0,1,0,0,1
"Lalor, Sam",6,2,12,2,0,0,2,0,1,0,3,0,0,0,6,1,0,2,0,2,80,0,0,0,1,1
"Lynch, Tom",5,4,8,1,0,0,1,0,5,0,3,1,1,0,8,1,1,3,0,2,87,0,0,0,1,1
"Mansell, Rhyan",5,1,5,1,0,0,2,0,1,0,0,0,0,0,6,0,0,2,0,1,79,0,0,0,0,1
"McIntosh, Kamdyn",8,3,8,0,0,1,5,4,2,4,3,0,0,0,8,0,0,2,0,0,79,0,0,0,0,1
"Miller, Ben",10,6,3,0,0,0,1,4,1,0,0,1,0,0,7,3,0,6,0,0,100,1,0,0,0,1
"Nankervis, Toby",13,4,8,2,0,35,6,3,2,7,7,0,5,2,13,1,1,3,0,0,85,0,0,1,0,1
"Ross, Jack",14,5,14,2,0,0,4,4,6,7,1,1,0,0,11,0,0,0,0,0,79,0,1,0,0,1
"Short, Jayden",16,5,3,0,0,0,4,9,3,2,0,0,0,0,3,0,0,3,0,0,91,1,0,0,0,1
"Sonsie, Tyler",4,3,3,0,0,0,0,0,0,0,1,1,0,0,3,0,0,0,0,0,26,0,0,0,0,1
"Taranto, Tim",14,1,16,0,0,0,3,2,6,8,7,0,0,3,13,0,0,2,0,0,88,0,1,0,0,1
"Trainor, Luke",11,5,4,0,0,0,2,5,2,2,6,1,1,0,5,0,0,3,0,0,77,1,0,0,0,1
"Trezise, James",8,1,11,0,0,0,2,2,2,2,4,0,0,0,6,1,0,1,0,0,81,0,0,0,0,1
"Vlastuin, Nick",18,8,3,0,0,0,2,8,1,0,4,2,3,1,5,0,0,1,0,0,87,1,0,0,0,1
"Acres, Blake",12,5,9,1,0,0,4,4,1,0,6,1,0,0,5,1,2,2,1,0,78,0,0,0,0,0
"Camporeale, Lucas",9,3,11,0,0,0,5,0,1,1,4,1,1,0,5,0,0,3,0,0,86,0,0,0,0,0
"Cerra, Adam",14,3,12,0,0,0,6,0,5,5,3,1,1,0,12,0,0,1,0,0,83,0,1,0,0,0
"Cottrell, Matthew",7,3,4,1,2,0,3,0,0,1,1,0,0,0,6,0,1,1,0,0,90,0,0,0,1,0
"Cowan, Lachlan",14,5,4,1,0,0,4,4,4,0,2,0,1,0,5,0,0,3,0,0,85,1,0,0,0,0
"Cripps, Patrick",10,2,22,0,1,2,5,1,3,9,3,2,1,0,15,1,0,1,2,2,80,0,1,0,0,0
"De Koning, Tom",13,3,15,0,0,30,5,2,7,8,2,4,0,0,18,1,0,2,0,0,81,0,0,1,0,0
"Docherty, Sam",8,2,6,0,2,0,3,0,4,2,1,0,0,0,6,0,0,0,0,1,27,0,1,0,0,0
"Evans, Francis",5,2,2,1,0,0,1,0,2,1,4,0,3,0,3,0,0,1,0,0,78,0,0,0,1,0
"Fogarty, Lachie",4,3,8,0,0,0,3,0,2,1,2,0,1,0,5,0,0,4,0,0,73,0,0,0,0,0
"Haynes, Nick",13,6,5,0,0,0,0,2,1,0,4,0,0,0,4,0,0,4,0,0,82,1,0,0,0,0
"Hewett, George",12,2,13,0,0,0,8,1,4,3,4,1,0,0,10,0,0,0,0,0,69,0,1,0,0,0
"Hollands, Oliver",14,4,5,0,0,0,2,3,2,1,2,0,0,0,5,0,0,1,0,0,85,1,0,0,0,0
"Kemp, Brodie",6,2,2,1,2,0,0,0,1,0,1,2,1,0,5,1,0,0,0,1,83,0,0,0,1,0
"Lord, Cooper",8,3,6,0,0,0,6,0,3,1,1,1,0,0,7,0,1,0,0,0,56,0,0,0,0,0
"McGovern, Mitch",11,4,3,0,0,0,1,4,2,0,6,0,1,0,3,0,0,4,0,0,81,1,0,0,0,0
"McKay, Harry",9,7,5,1,1,2,1,0,4,2,3,0,2,0,7,2,3,2,0,0,96,0,0,0,1,0
"Motlop, Jesse",7,2,3,0,2,0,2,0,4,1,4,2,2,0,7,0,1,0,0,1,75,0,0,0,1,0
"Saad, Adam",15,3,6,0,0,0,1,3,3,1,3,2,0,0,9,0,0,1,7,0,82,1,0,0,0,0
"Silvagni, Jack",14,8,2,1,1,0,4,2,2,0,1,0,0,0,5,2,1,9,0,0,89,1,0,0,0,0
"Walsh, Sam",7,1,18,1,0,0,5,0,3,2,5,1,1,0,12,0,0,0,0,0,81,0,1,0,0,0
"Weitering, Jacob",13,11,8,0,0,1,0,1,3,0,3,0,1,0,8,3,0,5,0,0,97,1,0,0,0,0
"Williams, Zac",6,4,4,1,1,0,1,0,4,0,0,0,0,0,2,0,1,1,0,1,65,0,0,0,1,0
"Amon, Karl",21,10,7,0,0,0,2,5,7,1,3,2,2,0,3,0,0,2,1,2,84,1,0,0,0,1
"Barrass, Tom",8,3,4,0,0,0,3,3,1,0,1,1,0,0,5,1,0,5,0,0,87,1,0,0,0,1
"Battle, Josh",14,6,5,0,0,0,3,10,1,0,3,0,0,0,1,0,0,4,2,0,89,1,0,0,0,1
"Chol, Mabior",8,6,0,2,2,1,1,0,1,1,1,0,0,0,4,3,3,0,0,1,80,0,0,0,1,1
"DAmbrosio, Massimo",6,3,3,1,0,0,2,1,0,1,2,1,1,0,5,0,0,1,0,0,66,0,0,0,0,1
"Day, Will",9,5,7,1,1,0,4,0,2,2,3,1,1,0,7,1,1,4,0,0,81,0,1,0,0,1
"Frost, Sam",4,0,1,0,0,0,2,3,0,1,4,1,2,0,4,0,0,1,0,0,49,1,0,0,0,1
"Ginnivan, Jack",10,4,5,2,1,0,1,0,3,1,1,1,0,0,4,1,2,0,0,0,83,0,0,0,1,1
"Hardwick, Blake",8,5,5,2,0,0,2,1,2,0,0,0,0,0,3,0,1,4,0,0,94,1,0,0,0,1
"Impey, Jarman",9,4,2,0,0,0,5,1,3,1,1,1,0,0,2,0,0,3,0,1,78,1,0,0,0,1
"Macdonald, Connor",13,8,10,1,0,0,1,0,5,1,0,1,0,0,9,0,2,1,0,2,81,0,0,0,1,1
"Mackenzie, Cam",9,2,12,0,0,0,3,1,2,4,2,2,1,0,9,0,0,1,0,0,73,0,1,0,0,1
"Maginness, Finn",6,6,9,1,0,0,1,1,2,1,1,0,0,0,9,2,1,1,0,0,76,0,0,0,1,1
"Meek, Lloyd",3,1,8,0,0,33,2,0,0,2,5,0,2,0,9,0,0,1,0,0,86,0,0,1,0,1
"Moore, Dylan",17,6,4,3,1,0,0,0,1,1,2,4,1,3,5,0,2,0,0,0,94,0,0,0,0,1
"Morrison, Harry",10,9,4,0,0,0,3,3,0,0,3,2,2,0,4,0,0,2,0,0,84,0,0,0,0,1
"Nash, Conor",9,4,13,0,0,0,10,1,2,3,4,0,1,0,8,0,0,0,0,0,75,0,1,0,0,1
"Newcombe, Jai",20,3,5,0,2,0,3,1,8,7,5,1,2,0,12,0,1,0,0,2,83,0,1,0,0,1
"Scrimshaw, Jack",1,1,3,0,0,0,1,0,0,0,1,0,1,0,1,0,0,1,0,0,27,1,0,0,0,1
"Sicily, James",18,7,6,0,0,0,0,10,1,1,1,1,0,1,4,0,0,5,0,0,96,1,0,0,0,1
"Ward, Josh",16,5,6,0,1,0,3,4,4,3,2,0,0,0,9,0,0,0,0,0,81,0,1,0,0,1
"Watson, Nick",8,3,5,3,0,0,2,0,2,0,1,3,1,0,5,0,2,1,0,2,74,0,0,0,1,1
"Weddle, Josh",3,2,3,1,0,0,4,1,1,0,0,1,0,0,4,2,1,4,2,0,79,1,0,0,0,1
"Bryan, Nick",8,4,2,0,0,29,3,1,2,2,0,0,0,0,2,0,0,2,0,0,63,0,0,1,0,0
"Caddy, Nate",9,5,3,0,1,0,2,0,5,1,4,0,0,0,8,4,0,0,0,1,85,0,0,0,1,0
"Caldwell, Jye",18,4,18,1,1,0,11,0,7,10,7,2,3,2,17,0,0,1,0,0,75,0,1,0,0,0
"Draper, Sam",9,2,3,1,2,25,5,1,4,5,5,2,2,0,14,1,1,5,0,0,82,0,0,1,0,0
"Durham, Sam",8,3,15,0,0,0,4,1,4,4,4,2,2,0,17,1,0,1,0,2,83,0,1,0,0,0
"Duursma, Xavier",10,4,9,2,0,0,7,0,3,1,0,3,0,0,8,0,1,3,0,1,83,0,0,0,0,0
"Gresham, Jade",7,2,5,1,0,0,1,0,1,1,1,0,1,0,6,0,0,1,0,0,50,0,0,0,1,0
"Hobbs, Ben",3,1,10,0,0,0,7,0,0,1,2,0,1,0,5,0,1,0,0,2,64,0,0,0,1,0
"Jones, Harry",11,6,3,1,0,0,3,1,2,2,2,0,1,0,7,0,0,3,0,0,79,0,0,0,1,0
"Kako, Isaac",8,2,6,1,2,0,1,0,3,3,2,0,1,0,7,0,0,1,0,0,82,0,0,0,1,0
"Langford, Kyle",5,0,6,2,0,0,1,1,2,1,2,1,1,0,5,0,0,0,0,0,62,0,0,0,1,0
"Martin, Nic",16,10,8,0,1,0,3,1,7,0,4,2,1,0,5,0,1,1,1,1,95,0,1,0,0,0
"McGrath, Andrew",15,9,12,0,0,0,4,6,2,1,6,0,2,0,2,0,0,0,3,0,85,1,0,0,0,0
"McKay, Ben",5,5,2,0,0,0,2,0,0,0,2,0,0,0,3,2,0,4,0,0,96,1,0,0,0,0
"Merrett, Zach",14,3,12,2,0,0,3,1,4,4,4,0,1,0,4,0,0,5,0,2,90,0,1,0,0,0
"Perkins, Archie",13,5,9,1,2,0,2,1,4,4,2,0,1,0,8,0,1,0,0,1,85,0,0,0,1,0
"Prior, Jaxon",10,7,1,0,0,0,2,3,0,0,0,1,0,0,1,0,0,2,3,0,92,1,0,0,0,0
"Redman, Mason",12,2,7,0,2,0,7,5,3,2,2,2,2,0,6,0,1,0,0,0,92,1,0,0,0,0
"Reid, Zach",10,9,1,0,0,0,1,1,0,0,3,0,0,0,1,0,0,5,0,0,86,1,0,0,0,0
"Ridley, Jordan",6,2,3,0,0,0,1,3,0,0,5,1,3,0,4,1,0,4,1,0,43,1,0,0,0,0
"Roberts, Archie",12,4,7,0,0,0,4,2,1,1,3,0,1,0,5,0,0,1,2,0,86,1,0,0,0,0
"Shiel, Dylan",14,3,9,0,0,0,2,2,2,2,2,1,0,0,7,0,0,1,0,0,85,0,1,0,0,0
"Tsatas, Elijah",9,1,9,0,0,0,2,0,2,5,1,0,0,0,8,0,0,0,0,0,57,0,1,0,0,0
"Atkins, Tom",5,1,5,1,0,0,12,0,2,2,2,1,1,0,7,0,1,1,0,0,80,0,1,0,0,1
"Blicavs, Mark",9,4,3,0,0,10,3,0,3,3,1,1,0,0,5,0,0,7,0,1,80,0,0,0,0,1
"Bowes, Jack",6,2,3,1,0,0,7,0,2,0,0,0,0,0,2,0,1,1,0,0,80,0,0,0,0,1
"Cameron, Jeremy",12,8,3,4,1,0,3,0,3,2,3,1,1,0,8,4,4,0,0,0,89,0,0,0,1,1
"Clark, Jhye",2,0,3,0,0,0,2,0,2,2,0,0,0,0,4,0,0,0,0,0,14,0,1,0,0,1
"Close, Brad",9,1,6,1,0,0,3,1,1,0,3,1,0,0,6,0,0,1,0,1,75,0,0,0,1,1
"Dangerfield, Patrick",6,0,6,2,2,1,3,0,1,1,1,2,0,0,8,0,0,0,0,1,70,0,0,0,1,1
"De Koning, Sam",15,6,10,1,0,18,4,0,6,3,5,4,1,2,7,0,0,4,0,1,78,0,0,1,0,1
"Dempsey, Oliver",8,4,7,2,1,0,5,0,3,0,2,1,1,0,6,0,1,0,0,0,88,0,0,0,0,1
"Guthrie, Zach",19,9,2,0,0,0,1,5,1,0,1,1,0,0,3,0,0,4,1,0,80,1,0,0,0,1
"Henry, Jack",20,14,4,0,0,0,1,3,0,0,6,3,0,0,10,2,0,2,0,0,95,1,0,0,0,1
"Henry, Oliver",6,2,3,3,0,0,2,0,1,1,4,0,0,0,4,1,2,0,0,0,85,0,0,0,1,1
"Holmes, Max",16,4,8,2,0,0,5,3,3,7,3,1,1,1,11,0,1,2,2,0,74,0,1,0,0,1
"Humphries, Lawson",18,7,5,0,1,0,1,6,6,2,0,1,0,0,5,0,0,2,2,2,83,1,0,0,0,1
"Knevitt, Mitch",9,2,12,0,0,0,11,2,6,4,3,2,0,0,11,0,0,2,0,0,68,0,0,0,0,1
"Miers, Gryan",14,8,0,1,1,0,6,3,2,2,2,0,1,0,3,0,1,0,0,1,89,0,0,0,0,1
"Mullin, Oisin",5,4,1,0,0,0,4,0,0,0,1,0,1,0,1,0,0,1,0,0,88,1,0,0,0,1
"Neale, Shannon",7,5,2,1,1,6,3,0,4,0,3,1,3,0,5,3,3,0,1,4,84,0,0,0,1,1
"OConnor, Mark",9,3,4,0,0,0,1,2,0,2,1,1,0,0,6,0,0,0,0,0,73,0,0,0,0,1
"OSullivan, Connor",6,7,5,0,0,0,1,1,0,0,3,0,1,0,3,1,0,3,0,0,91,1,0,0,0,1
"Smith, Bailey",19,5,13,1,1,0,5,1,6,7,3,1,0,3,15,0,0,2,1,2,80,0,1,0,0,1
"Stengle, Tyson",7,3,5,3,0,0,5,0,1,1,5,1,4,0,8,0,3,1,0,0,79,0,0,0,1,1
"Stewart, Tom",20,11,3,0,0,0,1,5,2,0,4,1,3,0,5,0,0,3,1,1,77,1,0,0,0,1
"Amiss, Jye",4,2,3,0,0,0,2,0,0,0,3,1,1,0,4,1,0,1,0,0,86,0,0,0,1,0
"Banfield, Bailey",6,0,5,1,1,0,2,0,0,0,2,0,0,0,4,0,0,2,0,1,79,0,0,0,1,0
"Brayshaw, Andrew",8,1,18,1,1,0,6,0,5,6,3,1,0,0,11,0,0,0,1,1,85,0,1,0,0,0
"Chapman, Heath",3,0,3,0,0,0,0,2,1,0,1,0,0,0,1,0,0,1,0,0,41,1,0,0,0,0
"Clark, Jordan",11,5,12,0,0,0,2,3,1,1,1,1,0,0,6,0,0,3,0,0,87,1,0,0,0,0
"Cox, Brennan",7,3,2,1,0,0,1,2,0,1,6,0,3,0,5,2,1,6,0,0,74,1,0,0,0,0
"Draper, Josh",5,5,4,0,0,0,2,2,0,0,1,0,1,0,2,0,0,1,0,0,74,1,0,0,0,0
"Frederick, Michael",10,4,3,2,0,0,4,0,5,0,3,0,0,0,2,0,1,0,0,2,81,0,0,0,1,0
"Jackson, Luke",7,2,9,0,0,39,3,1,4,4,3,3,2,0,6,0,0,1,0,0,86,0,0,1,0,0
"Johnson, Matthew",12,3,15,0,0,0,4,2,4,3,4,1,1,0,9,0,0,2,0,0,80,0,1,0,0,0
"ODriscoll, Nathan",11,2,14,0,0,0,4,0,3,2,3,2,0,0,8,0,0,3,0,1,76,0,1,0,0,0
"OMeara, Jaeger",9,6,22,0,1,0,3,0,4,6,5,0,1,0,12,0,0,1,0,0,82,0,0,0,0,0
"Pearce, Alex",9,4,2,0,0,0,2,3,1,0,3,3,2,0,6,1,0,7,1,0,93,1,0,0,0,0
"Reid, Murphy",10,3,3,4,0,0,0,0,1,0,4,0,0,0,3,0,3,0,0,0,79,0,0,0,1,0
"Reidy, Liam",4,1,2,0,0,18,2,0,1,1,3,1,3,0,2,0,0,2,0,1,75,0,0,1,0,0
"Ryan, Luke",13,4,5,0,0,0,2,5,0,1,1,0,1,0,3,0,0,5,0,0,88,1,0,0,0,0
"Serong, Caleb",14,1,13,0,0,0,3,1,7,11,2,2,0,0,16,0,0,2,0,0,77,0,1,0,0,0
"Sharp, Jeremy",8,3,11,0,0,0,3,2,1,4,4,0,2,0,5,0,0,1,2,0,92,0,0,0,0,0
"Switkowski, Sam",4,1,3,0,0,0,1,0,4,0,1,0,0,0,4,0,0,1,0,0,42,0,0,0,1,0
"Treacy, Josh",5,3,4,1,1,0,1,0,0,0,7,0,5,0,3,0,3,1,0,1,90,0,0,0,1,0
"Wagner, Corey",12,1,12,0,0,0,2,7,0,0,4,0,0,0,6,0,0,1,1,1,85,1,0,0,0,0
"Walker, Brandon",7,1,6,0,0,0,5,2,0,1,3,3,1,0,7,1,0,1,0,0,77,1,0,0,0,0
"Worner, Karl",4,0,7,0,0,0,5,0,1,0,2,1,1,0,4,0,0,3,0,0,71,0,0,0,0,0
"Amartey, Joel",6,4,2,0,2,7,2,0,1,0,4,0,3,0,2,0,2,1,0,0,78,0,0,0,1,0
"Bice, Riley",8,2,4,0,0,0,0,3,0,1,1,0,1,0,1,0,0,1,2,0,31,1,0,0,0,0
"Blakey, Nick",19,4,5,0,0,0,1,10,4,0,1,3,0,0,4,1,0,3,1,1,88,1,0,0,0,0
"Campbell, Braeden",9,1,4,2,0,0,7,0,0,1,1,3,0,0,7,0,0,0,0,0,78,0,0,0,1,0
"Florent, Oliver",11,2,6,0,1,0,3,1,4,1,3,1,0,0,9,1,0,2,0,1,86,0,0,0,0,0
"Grundy, Brodie",6,4,10,0,0,35,3,0,3,1,4,1,1,0,5,0,0,3,0,0,81,0,0,1,0,0
"Hamling, Joel",5,4,6,0,0,0,1,0,1,0,1,1,0,0,6,2,0,9,0,0,86,1,0,0,0,0
"Hanily, Tom",7,4,5,1,1,0,3,0,5,1,5,1,2,0,4,0,1,2,0,0,75,0,0,0,1,0
"Hayward, Will",9,3,2,1,0,0,1,0,1,1,3,1,0,0,5,2,1,1,1,1,83,0,0,0,1,0
"Heeney, Isaac",14,7,9,2,0,0,2,4,4,5,4,2,0,0,10,0,1,1,0,1,88,0,1,0,0,0
"Jordon, James",6,3,13,0,0,0,7,0,2,2,4,1,3,0,7,0,0,0,0,0,81,0,0,0,0,0
"Lloyd, Jake",9,4,10,1,1,0,2,1,1,1,1,0,1,0,8,0,1,1,0,0,90,0,0,0,0,0
"McCartin, Tom",11,7,1,1,0,2,1,2,3,0,3,1,0,0,4,0,0,3,0,0,85,1,0,0,0,0
"McInerney, Justin",8,4,15,0,0,0,1,1,5,5,3,2,2,0,10,0,0,1,0,1,78,0,0,0,0,0
"Melican, Lewis",9,6,4,0,0,0,1,3,2,1,1,0,0,0,3,0,0,3,0,0,80,1,0,0,0,0
"Papley, Tom",4,0,4,0,0,0,1,0,2,1,3,1,2,0,7,0,0,2,1,0,83,0,0,0,1,0
"Paton, Ben",7,2,3,0,0,0,3,1,2,0,2,0,1,0,0,0,0,3,1,0,53,1,0,0,0,0
"Rampe, Dane",10,4,11,0,0,0,1,4,0,1,1,1,1,0,7,1,0,5,0,0,81,1,0,0,0,0
"Roberts, Matt",14,3,5,0,0,0,4,5,2,1,3,4,0,0,7,0,0,2,0,0,89,1,0,0,0,0
"Rowbottom, James",7,0,4,0,0,0,11,1,3,7,2,5,1,0,11,0,0,2,0,0,61,0,1,0,0,0
"Warner, Chad",12,4,8,2,0,0,1,1,8,5,9,1,5,3,7,1,0,0,2,0,83,0,1,0,0,0
"Warner, Corey",11,6,4,2,2,0,1,0,3,1,3,1,1,0,3,0,3,1,1,0,82,0,0,0,0,0
"Wicks, Sam",8,2,6,0,0,0,3,2,3,0,9,1,4,0,4,0,0,0,1,0,80,0,0,0,0,0
"Ah Chee, Callum",7,3,7,1,2,0,1,0,0,0,7,2,4,0,9,1,1,0,0,1,75,0,0,0,1,1
"Andrews, Harris",5,2,2,0,0,0,0,3,0,0,4,0,2,0,1,0,0,10,0,0,97,1,0,0,0,1
"Answerth, Noah",8,3,3,0,0,0,6,2,2,0,4,1,2,0,3,0,0,5,0,0,86,1,0,0,0,1
"Ashcroft, Levi",16,5,9,0,1,0,0,4,3,4,2,2,0,0,9,0,0,1,0,0,76,0,0,0,0,1
"Ashcroft, Will",11,0,10,0,1,0,4,1,1,8,4,2,2,0,12,0,0,0,0,0,87,0,1,0,0,1
"Bailey, Zac",9,1,8,4,1,0,0,1,2,1,2,0,1,2,8,0,0,0,0,0,84,0,0,0,0,1
"Berry, Jarrod",16,10,11,0,0,0,1,2,5,2,7,0,0,0,6,0,0,0,0,0,85,0,0,0,0,1
"Dunkley, Josh",17,5,10,1,0,0,10,2,6,6,4,4,2,1,16,0,1,4,0,0,92,0,1,0,0,1
"Fletcher, Jaspa",6,0,6,0,0,0,2,2,2,2,1,1,1,0,5,0,0,0,1,0,75,1,0,0,0,1
"Fort, Darcy",10,4,4,1,0,12,1,4,2,3,3,0,2,0,9,1,1,0,0,1,73,0,0,1,0,1
"Hipwood, Eric",4,3,1,1,2,1,1,0,1,0,3,0,3,0,1,0,2,0,0,0,75,0,0,0,1,1
"Lester, Ryan",10,4,5,0,0,0,2,6,0,0,3,0,1,0,8,1,0,7,0,0,89,1,0,0,0,1
"Lohmann, Kai",0,0,2,0,0,0,0,0,1,0,0,0,0,0,1,0,0,0,0,0,8,0,0,0,1,1
"McCluggage, Hugh",11,2,10,0,0,0,1,3,4,5,6,3,2,0,10,0,0,1,0,0,76,0,1,0,0,1
"McInerney, Oscar",12,5,6,1,1,16,1,3,5,7,4,1,2,0,11,2,2,2,0,0,79,0,0,1,0,1
"McKenna, Conor",7,1,3,0,1,0,0,0,4,0,0,1,0,0,5,0,0,0,0,2,65,1,0,0,0,1
"Morris, Logan",5,1,0,1,1,0,3,0,2,0,0,1,0,0,3,0,1,1,1,0,77,0,0,0,1,1
"Neale, Lachie",5,0,5,0,0,0,3,1,0,2,3,3,1,0,8,0,0,0,0,0,84,0,1,0,0,1
"Payne, Jack",4,2,4,0,0,0,1,2,0,0,0,0,0,0,4,1,0,3,0,0,95,1,0,0,0,1
"Rayner, Cam",8,2,5,0,2,0,0,0,4,0,4,0,2,0,6,2,1,1,0,0,90,0,0,0,1,1
"Starcevich, Brandon",6,3,7,0,0,0,2,1,1,2,0,1,0,0,7,0,0,1,0,0,66,1,0,0,0,1
"Wilmot, Darcy",17,4,8,0,1,0,4,4,3,0,6,4,4,0,9,0,0,2,0,0,85,1,0,0,0,1
"Zorko, Dayne",20,6,4,2,0,0,3,6,4,0,1,2,0,0,5,0,0,2,0,0,80,1,0,0,0,1
"Bramble, Lachlan",13,4,8,0,0,0,2,5,0,1,1,2,0,0,5,0,0,2,1,0,86,1,0,0,0,1
"Cleary, Luke",4,5,4,0,0,0,0,4,1,0,2,1,1,0,1,0,0,0,0,0,73,1,0,0,0,1
"Dale, Bailey",22,3,7,2,1,0,1,3,2,1,1,1,1,0,5,0,0,1,0,0,87,1,0,0,0,1
"Darcy, Sam",8,6,4,1,1,6,1,0,2,2,2,1,1,0,7,3,1,3,0,0,82,0,0,0,1,1
"Davidson, Sam",5,3,5,1,0,0,4,3,1,0,4,0,1,0,2,0,1,0,0,0,75,0,0,0,0,1
"Dolan, Josh",2,2,3,0,1,0,2,0,0,0,0,0,0,0,2,0,1,0,0,0,67,0,0,0,1,1
"Duryea, Taylor",5,3,5,0,0,0,1,2,1,0,3,0,1,0,3,0,0,2,0,0,76,1,0,0,0,1
"English, Tim",4,4,7,0,1,25,3,0,3,3,3,0,1,0,3,0,1,2,0,0,79,0,0,1,0,1
"Freijah, Joel",14,6,14,1,0,0,3,3,3,2,3,0,1,0,8,0,0,1,3,1,88,1,0,0,0,1
"Gallagher, Harvey",10,4,6,0,0,0,2,3,4,1,5,1,0,0,2,0,0,2,0,1,82,0,0,0,0,1
"Harmes, James",7,2,9,1,0,0,3,0,3,0,2,0,0,0,6,0,1,3,2,2,74,0,0,0,0,1
"Jones, Arthur",1,0,1,0,0,0,0,0,0,1,0,0,0,0,1,0,0,0,0,0,23,0,0,0,0,1
"Kennedy, Matthew",11,6,12,0,0,0,4,0,6,3,0,1,0,0,7,0,1,2,0,4,74,0,0,0,0,1
"Liberatore, Tom",13,3,15,0,1,0,8,0,6,9,4,0,1,3,15,0,0,3,0,0,81,0,1,0,0,1
"Lobb, Rory",5,2,6,0,0,0,1,1,0,1,2,1,1,0,7,0,0,10,0,0,100,1,0,0,0,1
"McNeil, Lachlan",4,0,6,2,0,0,0,0,1,0,2,1,0,0,4,0,0,0,0,0,88,0,0,0,1,1
"Naughton, Aaron",8,8,9,3,1,0,1,0,2,0,0,0,0,0,9,4,4,1,0,1,88,0,0,0,1,1
"ODonnell, James",5,4,4,0,0,0,0,3,1,0,3,0,1,0,3,1,0,7,0,0,61,1,0,0,0,1
"Richards, Ed",18,2,12,1,0,0,2,3,9,7,4,0,1,2,13,0,0,2,1,4,79,0,1,0,0,1
"Sanders, Ryley",8,2,7,2,1,0,4,0,5,2,3,2,1,0,6,0,1,2,0,0,84,0,0,0,1,1
"Vandermeer, Laitham",10,3,6,3,1,0,3,0,3,0,1,2,1,0,10,0,1,1,0,2,79,0,0,0,1,1
"West, Rhylee",8,4,11,0,1,0,5,0,3,3,5,2,3,0,9,1,0,1,0,1,82,0,0,0,1,1
"Williams, Bailey",10,8,4,0,0,0,2,4,1,0,2,0,0,0,2,0,0,0,0,0,90,1,0,0,0,1
"Archer, Jackson",7,3,4,0,0,0,1,0,1,0,1,0,1,0,1,0,0,1,0,0,74,1,0,0,0,0
"Comben, Charlie",4,2,4,0,0,0,1,1,0,0,5,0,4,0,2,0,0,4,0,0,88,1,0,0,0,0
"Corr, Aidan",13,4,5,0,0,0,5,5,0,0,0,1,0,0,5,0,0,3,0,0,94,1,0,0,0,0
"Curtis, Paul",8,4,5,3,0,0,4,0,2,0,4,0,3,0,5,1,2,1,0,0,88,0,0,0,1,0
"Daniel, Caleb",13,3,11,0,0,0,6,5,2,1,5,0,1,0,4,1,0,2,2,0,83,1,0,0,0,0
"Darling, Jack",9,5,6,1,0,1,2,2,3,1,5,2,1,0,10,2,1,1,0,2,93,0,0,0,1,0
"Davies-Uniacke, Luke",12,4,8,2,0,0,2,1,6,5,2,3,1,0,8,0,1,0,0,1,86,0,1,0,0,0
"Hansen, Robert",6,1,9,0,0,0,0,0,2,6,0,0,0,0,8,0,0,1,1,1,70,0,0,0,0,0
"Konstanty, Jacob",6,1,4,0,0,0,6,1,2,0,0,2,0,0,5,0,0,2,0,1,67,0,0,0,1,0
"Larkey, Nick",7,3,1,5,1,0,1,0,1,0,1,1,1,1,5,2,3,1,0,0,89,0,0,0,1,0
"Logue, Griffin",4,1,2,0,0,0,0,4,1,0,0,1,0,0,2,0,0,7,0,0,71,1,0,0,0,0
"McDonald, Luke",11,5,9,0,0,0,2,2,2,1,3,0,1,0,6,1,0,1,0,1,84,1,0,0,0,0
"McKercher, Colby",9,3,8,0,0,0,5,1,3,4,2,0,0,0,5,0,0,1,1,0,78,1,0,0,0,0
"OSullivan, Finn",10,3,6,0,0,0,0,4,2,0,2,0,0,0,3,0,0,5,0,0,82,0,0,0,0,0
"Parker, Luke",10,5,11,0,1,0,4,1,1,1,2,1,0,0,6,0,0,0,0,0,80,0,0,0,0,0
"Phillips, Will",3,3,8,0,0,0,3,0,2,4,1,1,1,0,6,0,1,1,0,0,49,0,1,0,0,0
"Powell, Tom",13,7,14,0,1,0,8,3,3,3,3,0,0,0,4,0,1,0,0,0,81,0,1,0,0,0
"Scott, Bailey",10,2,8,1,0,0,5,2,3,0,0,1,0,0,7,0,1,1,5,2,81,0,0,0,0,0
"Sheezel, Harry",15,6,16,0,2,0,4,4,2,6,1,1,0,0,9,0,1,2,0,0,85,0,1,0,0,0
"Simpkin, Jy",19,4,11,1,1,0,7,2,5,4,3,2,1,0,12,0,0,2,1,1,76,0,0,0,0,0
"Tucker, Darcy",2,2,0,0,0,0,0,0,1,0,0,0,0,0,0,0,0,0,0,0,33,0,0,0,0,0
"Xerri, Tristan",4,4,13,0,0,51,7,2,1,5,2,0,0,0,13,2,0,2,0,0,83,0,0,1,0,0
"Zurhaar, Cameron",14,10,6,1,4,0,2,0,3,1,4,0,0,0,6,0,6,2,0,1,85,0,0,0,1,0
"Cameron, Darcy",9,1,5,0,0,22,3,4,2,7,4,1,2,0,10,0,0,2,0,0,72,0,0,1,0,1
"Crisp, Jack",11,3,15,0,0,0,7,3,8,4,3,1,0,0,12,0,0,2,0,1,87,0,1,0,0,1
"Daicos, Josh",11,5,15,0,0,0,5,4,3,2,3,1,0,0,7,1,0,2,0,0,88,1,0,0,0,1
"Daicos, Nick",19,6,7,1,1,0,1,0,9,4,4,1,2,1,6,0,0,0,0,2,75,0,1,0,0,1
"Elliott, Jamie",7,3,3,2,1,0,2,0,1,0,1,1,1,0,3,1,2,0,2,2,83,0,0,0,1,1
"Hill, Bobby",6,2,4,2,0,0,0,0,3,0,5,0,3,0,1,0,1,1,1,3,76,0,0,0,1,1
"Houston, Dan",14,2,13,0,0,0,5,3,5,1,3,1,1,3,8,0,0,4,0,0,78,1,0,0,0,1
"Howe, Jeremy",9,3,1,0,0,0,0,4,0,0,2,0,0,0,0,0,0,4,0,0,60,1,0,0,0,1
"Lipinski, Patrick",16,8,8,1,1,0,1,4,5,1,3,1,1,0,4,0,0,1,1,1,88,0,0,0,1,1
"Long, Ned",12,1,12,0,1,1,7,0,2,5,5,3,2,0,14,0,0,3,0,2,72,0,0,0,0,1
"Maynard, Brayden",12,3,2,2,0,0,3,3,3,1,2,0,0,0,5,0,0,8,0,0,82,1,0,0,0,1
"McCreery, Beau",8,5,4,0,1,0,2,0,1,0,2,0,0,0,0,0,1,0,0,2,73,0,0,0,0,1
"McInnes, Reef",9,6,2,0,0,0,1,3,1,0,0,1,0,0,2,0,0,3,0,0,82,1,0,0,0,1
"McStay, Daniel",10,7,11,3,2,10,5,0,2,3,1,1,0,0,10,4,3,1,0,0,82,0,0,0,1,1
"Membrey, Tim",12,10,5,4,1,1,1,0,4,0,1,0,0,0,6,2,4,1,0,2,78,0,0,0,1,1
"Mihocek, Brody",4,3,5,3,0,0,2,0,0,0,0,0,0,0,5,2,2,0,0,0,86,0,0,0,1,1
"Moore, Darcy",8,7,2,0,0,0,2,5,1,0,0,2,0,0,3,1,0,11,1,0,89,1,0,0,0,1
"Pendlebury, Scott",3,2,5,0,1,0,1,1,2,1,1,0,0,0,2,0,1,0,0,1,28,1,0,0,0,1
"Perryman, Harry",7,1,6,0,0,0,4,0,5,2,1,0,1,0,5,0,0,1,0,1,78,0,0,0,0,1
"Quaynor, Isaac",10,5,6,0,0,0,0,4,0,0,1,0,0,0,1,0,0,2,0,0,87,1,0,0,0,1
"Schultz, Lachie",5,4,12,1,0,0,7,0,1,0,3,2,2,0,9,0,2,1,0,1,84,0,0,0,1,1
"Sidebottom, Steele",16,3,15,1,0,0,6,4,6,3,4,2,3,2,11,0,0,0,1,0,85,0,1,0,0,1
"Sullivan, Lachlan",5,1,7,1,0,0,4,0,1,2,3,1,0,0,6,0,1,1,0,0,85,0,0,0,1,1
"Aliir, Aliir",8,3,4,0,0,0,2,4,1,1,1,0,0,0,6,1,0,6,0,0,100,1,0,0,0,0
"Bergman, Miles",10,5,6,0,0,0,3,5,2,0,3,2,0,0,6,0,0,1,1,0,89,1,0,0,0,0
"Berry, Joe",6,6,3,0,1,0,0,0,2,0,2,0,1,0,0,0,1,1,0,0,74,0,1,0,0,0
"Boak, Travis",9,8,19,1,1,0,6,2,1,3,5,1,2,0,12,0,2,4,1,0,72,0,1,0,0,0
"Burgoyne, Jase",5,2,11,0,0,0,2,2,0,2,4,0,1,0,6,0,0,0,0,0,80,0,0,0,0,0
"Burton, Ryan",9,3,4,0,0,0,0,1,2,1,0,1,0,0,4,0,1,0,0,0,29,1,0,0,0,0
"Byrne-Jones, Darcy",5,3,4,1,1,0,1,0,1,0,2,0,1,0,2,0,2,1,0,0,83,0,0,0,1,0
"Drew, Willem",6,0,10,0,1,0,5,0,3,4,3,2,1,0,8,0,0,3,0,0,79,0,0,0,0,0
"Evans, Logan",5,0,5,0,0,0,0,3,1,0,2,1,1,0,4,0,0,6,0,0,86,1,0,0,0,0
"Farrell, Kane",14,6,9,0,0,0,3,4,3,1,2,1,1,0,6,0,0,2,0,0,80,1,0,0,0,0
"Finlayson, Jeremy",16,10,3,0,0,0,0,4,0,0,2,0,0,0,3,1,0,4,1,0,99,1,0,0,0,0
"Georgiades, Mitch",4,4,3,0,1,0,1,0,0,0,1,0,1,0,0,0,2,1,0,0,82,0,0,0,1,0
"Horne-Francis, Jason",19,1,6,1,0,0,1,2,4,7,5,3,1,0,8,0,1,1,1,0,75,0,1,0,0,0
"Jones, Lachie",2,1,2,0,0,0,1,2,0,1,2,1,0,0,2,0,0,1,0,0,52,1,0,0,0,0
"Lukosius, Jack",8,4,3,1,0,0,1,0,3,0,4,0,2,0,3,0,0,0,0,0,85,0,0,0,0,0
"Mead, Jackson",6,5,10,0,0,0,2,3,3,2,2,1,1,0,6,0,0,3,1,0,83,0,0,0,0,0
"Powell-Pepper, Sam",4,3,4,0,1,0,0,0,2,0,1,0,1,0,1,0,1,0,0,0,78,0,0,0,1,0
"Richards, Joe",8,4,7,0,1,0,2,1,3,0,2,1,0,0,2,0,0,0,1,0,83,0,0,0,1,0
"Rioli, Willie",7,2,5,1,1,0,1,0,2,1,2,0,0,0,7,0,1,0,0,0,89,0,0,0,1,0
"Rozee, Connor",19,3,16,0,0,0,4,3,9,5,6,1,1,0,11,0,0,1,3,0,84,0,1,0,0,0
"Sinn, Josh",8,5,5,0,0,0,1,3,0,0,1,0,1,0,4,0,0,1,0,0,65,1,0,0,0,0
"Sweet, Jordon",6,3,8,1,0,36,3,3,3,1,3,2,1,0,4,0,0,2,0,0,81,0,0,1,0,0
"Wines, Ollie",8,3,26,0,0,1,4,2,3,10,5,1,2,0,18,0,1,0,0,0,70,0,1,0,0,0
"Crouch, Matt",8,1,23,1,0,0,4,0,1,7,5,0,2,1,12,0,0,0,0,0,75,0,1,0,0,1
"Cumming, Isaac",11,4,5,2,0,0,1,2,2,1,2,1,0,0,5,0,0,2,0,1,77,0,0,0,0,1
"Curtin, Daniel",3,3,4,0,0,0,1,1,1,0,0,0,0,0,3,1,0,1,0,0,70,0,0,0,0,1
"Dawson, Jordan",24,9,3,2,2,0,4,2,6,2,6,0,3,3,4,2,2,2,1,1,83,0,1,0,0,1
"Draper, Sid",4,4,4,0,0,0,2,0,1,2,1,0,1,0,3,1,0,1,0,0,33,0,0,0,0,1
"Fogarty, Darcy",11,6,1,4,0,0,1,0,4,0,1,0,0,0,2,1,3,0,0,1,84,0,0,0,1,1
"Hinge, Mitch",10,6,9,0,1,0,3,2,2,1,0,0,0,0,3,0,0,1,0,0,73,1,0,0,0,1
"Keane, Mark",14,6,7,0,0,0,0,6,1,0,3,1,0,0,5,1,0,3,2,0,100,1,0,0,0,1
"Keays, Ben",11,7,7,1,0,0,0,1,2,3,2,1,0,0,7,0,2,0,0,0,85,0,0,0,1,1
"Laird, Rory",12,7,17,0,0,0,4,3,1,1,0,0,0,0,4,0,0,1,0,0,83,1,0,0,0,1
"Michalanney, Max",11,3,3,0,0,0,0,1,2,0,0,2,0,0,5,0,0,4,0,0,90,1,0,0,0,1
"Milera, Wayne",6,4,7,0,0,0,1,1,0,1,0,0,0,0,5,0,0,2,0,0,74,1,0,0,0,1
"Murray, Nick",7,7,7,0,0,0,2,4,1,0,3,0,1,0,3,1,0,8,0,0,95,1,0,0,0,1
"Neal-Bullen, Alex",10,3,11,1,1,0,4,1,4,1,4,0,2,0,5,0,0,0,0,2,79,0,0,0,0,1
"OBrien, Reilly",7,2,5,0,0,47,4,3,1,5,5,1,1,0,4,0,0,4,0,0,85,0,0,1,0,1
"Peatling, James",11,2,8,1,1,0,3,3,2,2,4,1,1,0,9,0,0,1,0,0,79,0,0,0,0,1
"Rachele, Josh",12,5,9,2,2,0,1,0,6,2,3,0,1,0,7,0,1,0,2,4,75,0,0,0,1,1
"Rankine, Izak",10,3,18,2,1,0,5,1,6,7,1,2,1,2,16,0,1,1,2,1,76,0,1,0,0,1
"Sholl, Lachlan",13,4,9,0,0,0,2,2,3,5,1,1,0,0,7,0,0,1,1,0,90,0,0,0,0,1
"Soligo, Jake",16,3,13,1,0,0,8,0,6,5,4,4,0,0,13,0,0,2,0,2,77,0,1,0,0,1
"Thilthorpe, Riley",9,5,4,3,0,5,3,1,3,1,6,0,1,0,8,2,2,1,0,2,76,0,0,0,1,1
"Walker, Taylor",3,2,7,1,0,1,4,0,3,0,3,0,1,0,3,1,1,0,0,1,55,0,0,0,1,1
"Worrell, Josh",16,6,9,0,0,0,3,6,1,0,1,0,0,0,8,0,0,5,0,0,86,1,0,0,0,1
"Boyd, Harry",4,1,8,0,0,27,2,0,1,4,0,2,0,0,8,0,0,2,0,0,78,0,0,1,0,0
"Byrnes, Ryan",10,4,7,0,1,0,2,1,2,1,3,0,1,0,5,0,0,2,0,0,84,1,0,0,0,0
"Caminiti, Anthony",6,4,7,0,0,0,2,1,2,0,3,1,0,0,7,1,0,3,0,2,91,1,0,0,0,0
"Clark, Hunter",3,0,3,0,0,0,1,0,2,1,4,0,1,0,2,0,0,1,0,0,30,0,1,0,0,0
"Cordy, Zaine",2,2,2,1,0,0,1,1,0,0,1,0,0,0,1,0,1,4,0,0,82,1,0,0,0,0
"Garcia, Hugo",10,1,8,1,0,0,3,0,4,5,5,1,3,0,6,0,0,1,0,0,61,0,0,0,0,0
"Hall, Max",9,5,7,2,2,0,3,0,2,0,1,0,0,0,4,1,2,2,0,0,83,0,0,0,1,0
"Hastie, Angus",6,2,6,0,0,0,1,2,1,1,2,0,0,0,4,1,0,2,0,0,39,1,0,0,0,0
"Higgins, Jack",5,2,6,2,2,0,3,0,2,1,2,0,1,0,5,0,1,1,0,0,78,0,0,0,1,0
"Hill, Bradley",4,1,2,1,0,0,0,1,1,2,1,0,0,0,3,0,0,0,1,0,82,0,0,0,0,0
"Jones, Zak",8,0,3,0,0,0,1,2,3,0,0,0,0,0,0,0,0,1,0,0,73,0,1,0,0,0
"Macrae, Jack",13,3,21,0,0,0,5,2,6,12,5,2,1,0,23,0,0,4,0,0,84,0,1,0,0,0
"Marshall, Rowan",4,4,7,0,1,9,4,0,2,2,0,0,0,0,7,0,2,2,0,2,83,0,0,0,1,0
"OConnell, Liam",4,3,3,0,0,0,2,0,0,0,3,0,2,0,2,0,0,2,0,0,71,0,0,0,0,0
"Schoenmaker, Arie",14,5,4,0,0,0,0,6,0,0,3,0,3,0,5,0,0,3,0,0,86,1,0,0,0,0
"Sinclair, Jack",16,8,6,0,0,0,1,2,5,1,1,2,0,0,7,0,0,3,2,2,85,0,1,0,0,0
"Steele, Jack",8,3,11,0,0,0,6,0,6,5,1,1,1,0,10,0,0,0,0,0,80,0,1,0,0,0
"Wanganeen-Milera, Nasiah",21,6,6,1,1,0,3,8,3,0,5,1,0,0,5,0,1,3,6,0,83,1,0,0,0,0
"Webster, Jimmy",8,2,2,0,0,0,0,1,0,0,1,0,0,0,3,0,0,4,0,0,86,1,0,0,0,0
"Wilkie, Callum",15,10,4,0,0,0,1,6,1,0,4,0,0,0,2,1,0,3,2,0,100,1,0,0,0,0
"Wilson, Darcy",13,5,10,0,2,0,5,0,5,2,1,1,0,0,9,0,1,0,0,1,87,0,0,0,0,0
"Windhager, Marcus",9,2,10,0,0,0,4,4,1,5,4,3,0,0,14,0,1,0,0,0,79,0,0,0,0,0
"Wood, Mason",10,6,5,2,1,0,2,0,3,0,2,1,1,0,6,0,1,2,0,0,92,0,0,0,1,0
"Bowey, Jake",16,3,3,1,0,0,4,3,2,0,0,2,0,0,4,0,0,0,0,0,73,1,0,0,0,0
"Chandler, Kade",7,4,4,0,0,0,4,1,3,2,2,0,1,0,8,0,0,4,0,0,81,0,0,0,0,0
"Fritsch, Bayley",7,2,5,0,0,0,3,1,2,0,3,1,0,0,7,1,0,0,0,0,89,0,0,0,1,0
"Gawn, Max",12,3,12,0,1,46,2,1,5,7,5,6,1,0,14,1,1,4,0,0,83,0,0,1,0,0
"Henderson, Jack",6,1,7,1,0,0,3,0,1,2,5,1,2,0,9,0,0,0,1,0,78,0,0,0,1,0
"Howes, Blake",4,1,8,0,0,0,0,1,1,0,2,1,0,0,5,0,0,1,0,0,48,1,0,0,0,0
"Jefferson, Matthew",3,1,2,2,0,0,2,0,0,0,2,0,1,0,3,0,1,0,0,0,75,0,0,0,1,0
"Johnson, Aidan",5,1,2,1,2,5,5,1,1,2,4,0,4,0,4,1,1,5,0,0,71,0,0,0,1,0
"Langdon, Ed",13,8,6,0,0,0,2,4,3,2,1,0,0,0,3,0,0,0,0,0,100,0,0,0,0,0
"Langford, Harvey",3,1,2,0,0,0,0,0,1,0,0,0,0,0,2,0,0,0,0,0,21,0,0,0,0,0
"Lever, Jake",13,9,9,0,0,0,3,4,0,0,1,0,1,0,3,0,0,6,0,0,89,1,0,0,0,0
"Lindsay, Xavier",12,3,10,0,0,0,6,3,4,2,2,5,0,0,6,0,0,3,0,0,74,0,0,0,0,0
"McDonald, Tom",10,5,8,0,0,0,1,5,0,0,1,2,0,0,6,1,0,12,0,0,100,1,0,0,0,0
"Oliver, Clayton",10,5,15,0,0,0,5,0,3,5,6,1,4,0,16,0,0,1,0,0,83,0,1,0,0,0
"Petracca, Christian",13,2,14,2,1,0,3,1,5,4,4,0,1,1,12,0,0,0,0,1,88,0,1,0,0,0
"Petty, Harry",12,8,4,0,0,0,3,1,4,0,3,2,2,0,8,1,0,7,0,0,95,1,0,0,0,0
"Rivers, Trent",14,7,11,0,0,0,1,5,1,1,4,0,1,0,9,0,1,2,0,0,72,1,0,0,0,0
"Salem, Christian",27,8,3,0,0,0,3,8,4,1,2,1,0,0,6,0,0,3,0,0,90,1,0,0,0,0
"Sharp, Harry",7,1,2,1,1,0,2,0,1,0,1,2,0,0,3,0,0,1,0,0,64,0,0,0,1,0
"Sparrow, Tom",14,4,7,1,1,0,5,0,8,3,2,1,0,0,6,2,1,1,0,0,84,0,0,0,1,0
"van Rooyen, Jacob",2,0,4,1,0,0,2,0,0,0,0,1,0,0,4,0,0,2,0,1,83,0,0,0,1,0
"Viney, Jack",15,4,12,0,0,0,1,0,3,5,7,0,1,3,9,0,0,1,0,1,77,0,1,0,0,0
"Windsor, Caleb",8,3,8,1,0,0,0,1,4,0,2,0,0,0,3,0,0,1,2,1,83,1,0,0,0,0
"Ash, Lachie",10,6,9,0,0,0,0,3,1,2,1,0,1,0,6,0,0,2,0,0,82,1,0,0,0,1
"Bedford, Toby",4,1,4,0,0,0,9,0,3,2,1,0,1,0,5,0,0,2,0,1,89,0,0,0,1,1
"Brown, Callum",6,0,8,0,0,12,5,0,3,5,3,3,1,0,10,0,0,1,0,0,82,0,0,0,1,1
"Buckley, Jack",6,4,4,0,0,0,3,3,0,2,3,1,1,0,7,0,0,12,0,0,92,1,0,0,0,1
"Cadman, Aaron",5,4,4,2,0,0,1,1,1,0,3,0,2,0,4,2,1,3,1,1,83,0,0,0,1,1
"Callaghan, Finn",12,1,19,0,1,0,3,0,5,3,2,2,0,2,6,0,0,1,4,0,78,0,1,0,0,1
"Coniglio, Stephen",8,2,5,3,0,0,3,1,1,2,1,1,0,0,4,0,1,2,0,0,87,0,1,0,0,1
"Daniels, Brent",3,1,5,0,0,0,1,1,1,2,1,1,0,0,3,0,0,0,0,1,33,0,0,0,0,1
"Green, Tom",14,1,21,1,1,0,4,3,9,9,4,0,2,0,11,0,1,1,0,0,76,0,1,0,0,1
"Greene, Toby",16,5,7,3,3,0,4,1,5,5,4,1,1,0,13,1,3,2,0,2,98,0,0,0,1,1
"Gruzewski, Max",0,0,0,0,0,0,1,0,0,0,1,0,1,0,0,0,0,0,0,0,27,0,0,0,1,1
"Himmelberg, Harry",15,9,7,0,0,0,2,9,0,0,2,2,0,0,4,0,0,12,0,0,93,1,0,0,0,1
"Idun, Connor",7,4,5,0,0,0,1,2,2,1,1,0,0,0,5,0,0,12,0,0,81,1,0,0,0,1
"Jones, Darcy",6,1,6,0,0,0,4,2,4,1,6,1,2,0,6,1,0,1,0,0,83,0,0,0,1,1
"Keeffe, Lachlan",10,1,3,1,0,14,6,3,1,4,7,1,6,0,7,0,1,3,0,1,79,0,0,1,0,1
"Kelly, Josh",11,0,12,0,1,0,10,2,5,3,3,0,0,0,6,0,0,0,0,0,84,0,0,0,0,1
"Leake, James",3,0,0,0,0,0,1,0,0,0,0,1,0,0,2,0,0,0,0,0,60,0,0,0,0,1
"OHalloran, Xavier",11,2,5,0,1,0,2,1,1,0,6,0,1,0,5,0,0,0,0,1,78,0,0,0,1,1
"Stone, Conor",4,2,7,0,0,0,2,3,1,0,3,0,0,0,4,0,0,1,1,0,72,1,0,0,0,1
"Taylor, Sam",8,4,7,0,0,0,0,4,0,0,2,0,1,0,4,1,0,6,0,0,97,1,0,0,0,1
"Ward, Callan",6,2,10,0,0,0,1,1,3,1,1,1,1,0,6,0,0,0,0,1,81,0,0,0,0,1
"Wehr, Jacob",9,1,7,1,1,0,4,1,1,3,4,2,2,0,5,0,0,2,0,0,81,0,0,0,0,1
"Whitfield, Lachie",19,5,15,0,0,0,4,3,5,3,6,2,3,0,10,0,0,4,0,0,82,1,0,0,0,1
"Allen, Oscar",6,5,2,2,0,0,3,0,1,0,3,1,1,0,4,2,3,3,0,0,93,0,0,0,1,0
"Baker, Liam",14,3,7,0,1,0,1,10,4,2,3,0,3,0,9,0,0,4,3,0,82,1,0,0,0,0
"Brockman, Tyler",3,1,12,0,1,0,3,1,2,2,5,0,2,0,7,0,0,1,0,0,84,0,0,0,1,0
"Cole, Tom",10,8,9,0,0,0,4,4,3,1,1,1,0,0,5,0,0,1,0,0,79,1,0,0,0,0
"Cripps, Jamie",11,4,3,0,0,0,0,1,3,0,2,0,0,0,3,0,0,1,0,1,90,0,0,0,1,0
"Dewar, Tyrell",12,2,3,0,0,0,1,5,3,0,6,0,2,0,0,0,0,0,0,0,83,0,0,0,0,0
"Duggan, Liam",11,4,9,0,0,0,3,2,1,3,5,2,2,0,6,0,0,1,0,1,67,1,0,0,0,0
"Edwards, Harry",2,1,1,0,0,0,2,3,0,0,0,1,0,0,3,1,0,5,0,0,85,1,0,0,0,0
"Flynn, Matt",7,4,6,1,0,13,3,1,0,4,1,0,1,0,8,3,1,5,0,0,85,0,0,1,0,0
"Ginbey, Reuben",10,3,6,0,0,0,4,4,1,1,1,1,0,0,4,0,0,5,1,0,93,1,0,0,0,0
"Graham, Jack",11,3,12,0,0,0,10,2,5,2,3,0,3,0,5,0,0,0,0,1,81,0,0,0,0,0
"Hewett, Elijah",6,1,5,0,1,0,4,0,1,4,1,2,1,0,7,0,1,2,0,1,73,0,0,0,0,0
"Hough, Brady",8,4,8,0,0,0,2,2,0,1,3,0,0,0,6,0,0,2,0,0,88,1,0,0,0,0
"Hunt, Jayden",3,1,5,0,0,0,1,1,0,3,2,0,0,0,4,0,0,2,0,0,82,0,0,0,0,0
"Hutchinson, Jack",7,5,5,0,0,0,7,2,2,1,2,0,1,0,4,0,0,0,1,0,67,0,0,0,0,0
"Kelly, Tim",7,2,7,0,1,0,6,1,1,4,4,0,1,0,6,0,0,2,0,0,74,0,1,0,0,0
"Long, Noah",2,1,4,0,1,0,0,0,0,1,3,0,1,0,3,0,1,3,0,0,87,0,0,0,0,0
"Maric, Ryan",5,0,4,0,0,0,2,0,0,0,1,0,0,0,5,0,0,0,0,0,33,1,0,0,0,0
"McGovern, Jeremy",14,1,5,0,0,0,2,7,0,0,3,1,1,0,3,0,0,9,0,0,87,1,0,0,0,0
"Owies, Matthew",5,5,6,1,0,0,3,0,2,0,3,0,1,0,1,0,1,1,0,1,84,0,0,0,1,0
"Reid, Archer",1,0,5,0,0,6,3,1,1,3,1,1,0,0,5,0,0,0,0,0,66,0,0,0,1,0
"Reid, Harley",6,1,6,1,1,0,1,0,3,1,2,0,0,0,4,0,0,0,2,0,78,0,1,0,0,0
"Waterman, Jake",2,3,3,2,0,0,0,0,1,0,0,0,0,0,0,0,1,0,0,0,58,0,0,0,1,0
"Ainsworth, Ben",9,5,9,0,0,0,2,1,5,1,3,1,0,0,4,1,0,0,0,1,82,0,0,0,1,1
"Anderson, Noah",16,3,20,0,0,0,5,5,9,9,5,0,0,0,14,0,0,1,0,3,80,0,1,0,0,1
"Ballard, Charlie",5,3,1,0,0,0,1,1,0,0,0,0,0,0,1,1,0,2,0,0,45,1,0,0,0,1
"Budarick, Connor",8,4,9,0,0,0,3,2,4,0,0,0,0,0,3,0,0,1,0,0,77,0,0,0,0,1
"Clohesy, Sam",7,1,2,0,1,0,1,0,3,0,0,0,0,0,3,0,0,0,0,0,93,0,0,0,1,1
"Collins, Sam",8,7,4,0,0,0,2,4,2,1,1,0,0,0,5,1,0,5,0,1,88,1,0,0,0,1
"Graham, Will",7,2,2,1,1,0,7,0,2,2,2,1,1,0,5,0,2,0,0,2,79,0,0,0,0,1
"Holman, Nick",7,1,7,0,1,0,5,0,2,2,1,2,0,0,6,0,0,1,0,1,77,0,0,0,0,1
"Humphrey, Bailey",8,4,12,0,0,0,2,1,6,5,4,1,1,0,11,0,0,0,0,5,86,0,0,0,0,1
"Jeffrey, Joel",14,4,6,0,0,0,3,3,4,0,1,2,0,0,4,0,0,3,0,1,79,0,0,0,0,1
"King, Ben",8,8,3,6,2,0,0,0,0,0,1,0,0,2,4,2,8,1,0,1,87,0,0,0,1,1
"Long, Ben",9,5,3,4,1,0,0,0,4,0,1,0,0,0,7,0,4,4,1,1,79,0,0,0,1,1
"Miller, Touk",12,4,14,2,1,0,2,1,3,10,4,1,1,1,17,0,1,3,0,0,73,0,1,0,0,1
"Noble, John",14,2,5,0,0,0,2,1,2,0,0,0,0,0,3,0,0,3,0,1,83,1,0,0,0,1
"Powell, Wil",8,5,5,0,0,0,3,4,2,0,5,0,0,0,4,0,0,2,0,0,85,1,0,0,0,1
"Read, Ethan",7,3,3,2,2,9,2,0,0,0,2,1,1,0,6,1,2,1,0,0,82,0,0,0,1,1
"Rioli, Daniel",12,5,9,2,0,0,0,2,3,1,5,0,1,0,5,0,1,1,0,0,82,1,0,0,0,1
"Rogers, Jake",6,4,7,3,0,0,1,0,1,0,2,1,1,0,7,0,1,1,0,0,75,0,0,0,1,1
"Rowell, Matt",17,0,13,0,0,0,8,0,6,10,3,2,1,3,15,0,0,1,1,0,79,0,1,0,0,1
"Sexton, Alex",2,1,1,0,1,0,2,0,1,0,0,1,0,0,1,0,0,0,0,1,41,0,0,0,0,1
"Uwland, Bodhi",7,2,8,0,0,0,3,2,0,1,4,1,2,0,6,0,0,6,0,0,92,1,0,0,0,1
"Weller, Lachie",9,2,12,0,0,0,6,0,5,3,4,3,1,0,5,0,0,1,0,1,71,0,0,0,0,1
"Witts, Jarrod",6,2,7,0,0,68,4,0,3,5,1,3,0,0,9,0,0,1,0,0,83,0,0,1,0,1
"Acres, Blake",7,1,3,0,0,0,1,2,2,0,3,3,1,0,4,0,0,1,0,0,84,0,0,0,0,0
"Camporeale, Lucas",5,2,4,0,0,0,0,3,1,3,0,1,0,0,7,0,0,1,0,1,67,0,0,0,0,0
"Cerra, Adam",17,2,11,1,0,0,5,5,2,4,5,1,2,0,12,0,0,2,0,0,73,0,1,0,0,0
"Cottrell, Matthew",16,1,4,1,0,0,3,5,7,2,4,1,0,0,11,1,0,2,0,0,91,0,0,0,1,0
"Cowan, Lachlan",5,1,4,0,0,0,3,4,2,3,1,2,1,0,6,0,0,7,0,0,84,1,0,0,0,0
"Cripps, Patrick",12,3,17,0,1,1,4,2,4,11,7,3,4,2,18,1,0,3,0,0,82,0,1,0,0,0
"Curnow, Charlie",4,2,1,0,0,0,0,0,1,0,3,2,2,0,2,0,0,2,0,1,83,0,0,0,1,0
"De Koning, Tom",10,3,9,0,1,40,3,0,5,7,3,0,1,0,10,1,1,3,0,1,76,0,0,1,0,0
"Docherty, Sam",10,0,3,0,0,0,9,0,3,1,3,1,1,0,6,0,0,4,0,0,86,0,0,0,0,0
"Fogarty, Lachie",3,1,5,0,0,0,5,0,2,0,2,0,1,0,3,0,0,2,0,0,72,0,0,0,1,0
"Haynes, Nick",6,4,2,0,0,0,0,2,2,0,1,1,0,0,5,0,0,4,0,0,73,1,0,0,0,0
"Hewett, George",14,1,14,1,1,0,11,0,4,11,6,2,2,0,16,0,0,2,0,1,81,0,1,0,0,0
"Hollands, Oliver",7,3,4,0,0,0,4,3,3,0,3,0,2,0,3,0,0,3,0,0,91,0,0,0,0,0
"Kemp, Brodie",3,0,3,1,0,0,3,0,0,0,4,2,3,0,3,0,0,2,0,0,92,0,0,0,1,0
"Lord, Cooper",1,0,2,0,0,0,2,0,0,1,1,0,0,0,2,0,0,0,0,0,13,0,0,0,0,0
"McGovern, Mitch",11,5,2,0,0,0,1,3,1,0,4,1,3,0,4,2,1,5,0,0,80,1,0,0,0,0
"Motlop, Jesse",12,3,7,1,3,0,6,1,2,2,4,1,2,0,4,0,0,1,0,0,75,0,0,0,1,0
"Saad, Adam",11,2,2,0,0,0,3,3,2,0,4,0,0,0,3,0,0,1,4,1,84,1,0,0,0,0
"Silvagni, Jack",6,3,4,1,3,0,6,0,3,0,3,1,2,0,5,2,2,2,0,1,80,1,0,0,0,0
"Walsh, Sam",10,0,12,0,0,0,12,3,4,5,4,0,1,0,12,0,0,2,0,0,80,0,1,0,0,0
"Weitering, Jacob",10,7,1,0,0,0,2,2,1,0,1,1,1,0,4,1,0,9,0,0,100,1,0,0,0,0
"Williams, Zac",6,1,5,2,0,0,1,0,2,1,2,0,0,0,5,1,1,1,0,0,65,0,0,0,1,0
"Young, Lewis",6,4,2,0,0,5,1,5,0,0,1,1,0,0,2,0,0,8,0,0,89,1,0,0,0,0
"Amon, Karl",11,3,11,0,0,0,6,7,2,1,2,3,0,0,6,0,0,0,0,0,84,1,0,0,0,1
"Barrass, Tom",5,3,5,0,0,0,3,1,1,0,1,1,0,0,4,0,0,2,0,0,89,1,0,0,0,1
"Battle, Josh",10,5,11,0,0,0,2,5,4,0,0,0,0,0,6,1,0,8,0,0,98,1,0,0,0,1
"Chol, Mabior",10,4,1,3,1,0,0,0,1,0,5,0,2,0,4,2,3,1,0,1,86,0,0,0,1,1
"DAmbrosio, Massimo",14,4,11,0,0,0,4,4,3,2,1,2,0,0,8,0,0,0,0,0,83,0,0,0,0,1
"Day, Will",13,1,13,0,0,0,5,0,7,5,7,2,5,0,12,0,0,1,0,1,76,0,1,0,0,1
"Ginnivan, Jack",4,1,6,0,0,0,4,1,2,3,2,1,0,0,4,0,0,0,0,2,78,0,0,0,1,1
"Gunston, Jack",6,5,3,2,0,0,2,0,1,0,1,0,0,0,3,0,2,2,0,1,60,0,0,0,1,1
"Hardwick, Blake",10,5,3,2,0,0,3,6,0,0,0,1,0,0,3,1,1,5,0,0,91,1,0,0,0,1
"Impey, Jarman",9,3,4,0,0,0,6,1,3,0,2,3,2,0,7,1,0,3,0,1,79,1,0,0,0,1
"Jiath, Changkuoth",12,3,8,0,0,0,3,2,2,1,3,1,2,0,8,0,0,4,0,0,74,1,0,0,0,1
"Macdonald, Connor",3,1,2,0,0,0,1,0,1,0,1,0,0,0,0,0,0,0,0,0,27,0,0,0,0,1
"Mackenzie, Cam",13,6,6,0,0,0,3,1,5,1,0,1,0,0,3,1,0,2,0,0,65,0,0,0,0,1
"Maginness, Finn",8,4,5,0,1,0,0,0,3,0,4,0,2,0,5,0,1,0,0,1,79,0,0,0,0,1
"Meek, Lloyd",2,0,11,0,0,37,1,0,0,3,2,2,2,0,9,0,0,5,0,0,80,0,0,1,0,1
"Moore, Dylan",5,1,4,1,0,0,5,0,3,1,3,2,3,0,5,0,0,1,0,0,79,0,0,0,0,1
"Morrison, Harry",5,1,7,0,0,0,7,3,1,2,2,1,0,0,6,0,0,1,0,1,79,1,0,0,0,1
"Nash, Conor",9,2,7,0,1,1,7,0,3,5,4,1,1,0,6,0,0,2,0,0,79,0,1,0,0,1
"Newcombe, Jai",16,5,16,0,1,0,11,2,5,9,3,5,1,3,20,0,0,1,0,0,80,0,1,0,0,1
"Sicily, James",16,5,3,1,0,0,2,8,1,0,4,1,1,0,4,2,2,11,0,0,95,1,0,0,0,1
"Ward, Josh",10,3,14,1,0,0,7,3,2,4,3,0,0,1,9,0,1,0,0,0,76,0,0,0,0,1
"Watson, Nick",10,6,6,2,2,0,2,0,4,2,3,1,2,0,5,0,2,0,0,1,79,0,0,0,0,1
"Weddle, Josh",5,3,5,0,1,9,4,1,1,0,3,1,0,0,6,0,1,3,0,0,86,1,0,0,0,1
"Baker, Oskar",3,0,2,0,0,0,1,2,1,1,2,0,2,0,2,0,0,1,1,0,23,0,0,0,0,0
"Bramble, Lachlan",7,0,1,0,0,0,0,0,0,0,2,0,1,0,1,0,0,3,0,0,87,0,0,0,0,0
"Dale, Bailey",21,2,10,0,0,0,3,7,2,0,2,1,2,0,7,0,0,1,0,1,81,1,0,0,0,0
"Darcy, Sam",11,8,4,4,2,4,3,0,2,1,3,2,3,2,11,6,4,5,0,0,86,0,0,0,1,0
"Davidson, Sam",11,2,4,0,0,0,3,2,4,3,2,1,0,0,5,1,0,2,0,1,77,0,0,0,0,0
"Dolan, Josh",5,1,2,0,0,0,1,0,1,0,2,0,1,0,1,0,0,1,0,0,65,0,0,0,0,0
"Duryea, Taylor",7,4,4,0,0,0,1,4,0,0,3,2,2,0,5,0,0,3,0,0,76,1,0,0,0,0
"English, Tim",6,5,8,0,0,33,7,0,3,2,3,0,3,0,4,1,0,3,0,1,82,0,0,1,0,0
"Freijah, Joel",9,1,14,1,1,0,4,3,1,4,4,0,2,0,12,0,0,3,1,0,80,1,0,0,0,0
"Gallagher, Harvey",11,5,5,0,0,0,1,6,0,0,1,0,0,0,1,0,0,3,1,0,77,1,0,0,0,0
"Harmes, James",3,2,11,1,0,0,1,0,1,2,3,1,2,0,6,0,0,2,0,0,87,0,0,0,0,0
"Jones, Arthur",2,1,5,0,0,0,3,0,0,0,1,0,0,0,2,0,0,0,0,0,61,0,0,0,1,0
"Kennedy, Matthew",8,3,13,0,1,0,4,2,2,3,1,0,1,0,9,1,0,0,0,0,81,0,1,0,0,0
"Khamis, Buku",8,5,6,0,0,0,2,2,1,0,2,1,1,0,4,1,0,8,0,0,95,1,0,0,0,0
"Liberatore, Tom",16,2,18,1,0,0,3,3,7,9,3,1,0,1,18,0,0,1,0,1,82,0,1,0,0,0
"Lobb, Rory",10,7,3,0,1,0,3,5,1,1,4,1,3,0,4,1,0,10,0,0,100,1,0,0,0,0
"McNeil, Lachlan",6,4,0,1,1,0,0,0,1,0,1,0,1,0,0,0,2,0,0,0,83,0,0,0,1,0
"Naughton, Aaron",4,4,7,0,0,0,0,0,1,1,2,1,2,0,6,0,2,0,0,0,83,0,0,0,1,0
"Richards, Ed",17,3,10,0,2,0,3,1,10,5,2,1,1,0,11,1,1,0,3,1,83,0,1,0,0,0
"Sanders, Ryley",3,2,13,0,0,0,7,1,1,0,3,0,0,0,3,0,0,0,0,0,71,0,0,0,0,0
"Vandermeer, Laitham",5,4,9,1,0,0,1,0,3,1,3,1,1,0,6,0,1,1,0,1,79,0,0,0,1,0
"West, Rhylee",4,1,6,1,0,0,1,0,1,1,4,1,4,0,7,0,1,0,0,2,76,0,0,0,1,0
"Williams, Bailey",8,3,12,0,0,0,2,1,0,1,1,0,1,0,4,0,0,3,0,0,83,1,0,0,0,0
"Cameron, Darcy",9,4,10,0,0,26,3,1,0,5,4,6,1,0,13,2,0,0,0,0,84,0,0,1,0,1
"Cox, Mason",7,3,1,0,1,12,3,0,1,0,2,1,1,0,3,1,1,2,0,1,52,0,0,1,0,1
"Crisp, Jack",12,5,9,0,0,0,3,2,3,3,4,0,2,0,11,2,0,0,0,0,83,0,0,0,0,1
"Daicos, Josh",14,4,11,0,0,0,2,2,3,1,2,1,0,0,6,0,0,0,0,0,85,1,0,0,0,1
"Daicos, Nick",18,7,21,0,1,0,4,1,8,9,4,2,0,3,14,0,0,0,0,0,84,0,1,0,0,1
"de Goey, Jordan",11,4,4,0,3,0,3,1,5,1,2,2,0,0,5,1,2,0,0,2,82,0,1,0,0,1
"Elliott, Jamie",7,5,7,1,3,0,3,0,2,0,2,1,2,0,7,0,3,1,0,1,93,0,0,0,1,1
"Hill, Bobby",6,2,2,2,0,0,3,0,3,0,0,3,0,0,4,0,1,1,1,0,71,0,0,0,1,1
"Houston, Dan",10,3,5,1,0,0,2,3,2,1,2,0,1,0,4,1,1,2,0,1,80,1,0,0,0,1
"Howe, Jeremy",14,7,3,0,0,0,1,10,0,1,2,2,0,0,5,1,0,7,0,0,100,1,0,0,0,1
"Lipinski, Patrick",7,1,15,0,1,0,2,0,3,1,3,1,1,0,5,0,0,1,0,0,87,0,0,0,0,1
"Long, Ned",5,1,8,0,1,0,9,2,3,0,2,1,0,0,2,0,0,0,0,1,75,0,0,0,0,1
"Maynard, Brayden",8,4,5,0,0,0,3,2,1,0,1,0,1,0,4,2,0,5,1,0,78,1,0,0,0,1
"McCreery, Beau",8,0,2,1,0,0,4,0,1,3,0,1,0,0,5,0,0,0,2,1,75,0,0,0,1,1
"McInnes, Reef",0,0,0,0,0,0,0,0,0,0,0,0,0,0,0,0,0,0,0,0,4,1,0,0,0,1
"McStay, Daniel",10,5,4,1,3,0,0,0,4,0,2,1,0,0,3,1,1,0,0,0,84,0,0,0,1,1
"Membrey, Tim",7,2,1,0,0,0,2,0,2,0,1,2,0,0,6,0,1,3,0,0,81,0,0,0,1,1
"Moore, Darcy",8,5,7,0,0,0,3,4,1,0,3,2,2,0,10,1,0,9,0,0,97,1,0,0,0,1
"Pendlebury, Scott",5,3,21,0,0,0,1,1,3,1,2,1,1,0,7,0,0,3,0,0,77,0,1,0,0,1
"Perryman, Harry",8,4,4,0,0,0,0,1,1,0,2,2,1,0,5,1,0,3,0,0,79,1,0,0,0,1
"Quaynor, Isaac",7,1,4,0,0,0,2,2,0,1,0,2,0,0,5,0,0,6,0,0,83,1,0,0,0,1
"Schultz, Lachie",11,6,6,2,1,0,7,0,1,3,2,2,0,0,7,0,2,1,1,0,81,0,0,0,1,1
"Sidebottom, Steele",12,1,10,2,0,0,4,0,3,6,5,0,1,0,9,0,0,2,0,0,83,0,1,0,0,1
"Bryan, Nick",12,1,2,0,1,23,2,1,3,5,1,0,1,0,8,0,0,1,0,0,70,0,0,1,0,0
"Caddy, Nate",4,2,1,0,1,0,1,0,1,1,0,1,0,0,3,0,1,1,0,0,54,0,0,0,1,0
"Caldwell, Jye",10,5,17,1,0,0,3,4,3,2,3,0,0,0,11,0,1,1,0,0,71,0,1,0,0,0
"Draper, Sam",5,3,5,3,0,15,1,1,1,2,3,2,2,0,5,0,2,2,0,0,91,0,0,1,0,0
"Durham, Sam",5,2,16,0,0,0,4,0,1,7,6,0,3,0,14,0,0,4,0,2,82,0,1,0,0,0
"Duursma, Xavier",6,5,7,0,0,0,2,1,4,1,5,1,3,0,5,0,0,1,0,1,78,0,0,0,0,0
"Edwards, Tom",6,2,2,3,1,0,3,0,1,0,4,2,1,0,3,0,1,1,0,1,80,0,0,0,1,0
"Gresham, Jade",5,2,6,1,2,0,3,0,2,0,0,2,0,0,5,0,0,1,2,1,82,0,0,0,1,0
"Hobbs, Ben",3,1,11,0,0,0,1,0,1,1,3,1,1,0,4,0,0,0,0,0,74,0,0,0,0,0
"Jones, Harry",6,2,3,0,0,0,6,0,2,0,3,1,2,0,3,1,0,0,0,0,83,0,0,0,1,0
"Kako, Isaac",6,2,3,2,0,0,2,0,1,0,5,0,2,0,3,0,1,1,0,0,78,0,0,0,1,0
"Martin, Nic",9,5,11,1,1,0,1,3,2,0,1,0,1,0,2,0,0,2,3,2,97,1,0,0,0,0
"McGrath, Andrew",6,3,13,0,0,0,1,3,0,0,2,1,0,0,6,0,0,1,2,0,80,1,0,0,0,0
"McKay, Ben",3,2,2,0,0,0,2,0,0,0,0,1,0,0,3,2,0,4,0,0,100,1,0,0,0,0
"Menzie, Jye",2,1,1,0,1,0,0,0,0,0,0,0,0,0,0,0,1,0,0,0,27,0,0,0,1,0
"Merrett, Zach",20,2,16,4,1,0,3,1,11,6,2,3,0,1,12,0,0,0,1,2,87,0,1,0,0,0
"Perkins, Archie",6,2,11,0,0,0,4,0,3,2,4,1,0,0,4,0,0,1,1,1,82,0,0,0,0,0
"Prior, Jaxon",13,3,4,0,0,0,1,4,3,0,5,1,0,0,7,2,0,4,2,1,83,1,0,0,0,0
"Redman, Mason",15,5,3,0,0,0,0,3,1,0,4,0,1,0,3,2,0,0,1,0,83,1,0,0,0,0
"Reid, Zach",6,4,4,0,0,0,3,3,0,0,4,1,0,0,1,0,0,3,0,0,96,1,0,0,0,0
"Roberts, Archie",11,3,8,0,0,0,2,7,1,1,2,2,0,0,7,0,0,2,0,0,81,1,0,0,0,0
"Shiel, Dylan",8,1,13,0,0,0,2,5,2,0,3,0,0,0,3,0,0,1,1,0,77,0,1,0,0,0
"Tsatas, Elijah",12,1,13,0,1,0,1,1,5,11,2,1,0,0,14,0,0,1,0,1,63,0,1,0,0,0
"Crouch, Matt",13,7,19,0,0,0,8,2,3,7,2,1,0,0,13,0,0,0,0,3,73,0,1,0,0,1
"Cumming, Isaac",4,0,5,0,0,0,2,1,1,1,1,1,1,0,4,0,0,2,0,1,78,0,0,0,0,1
"Curtin, Daniel",8,5,5,1,0,0,4,1,1,2,1,2,0,0,5,1,1,1,0,1,76,0,0,0,0,1
"Dawson, Jordan",22,8,11,0,0,0,6,0,11,5,4,1,1,2,10,0,0,1,0,1,79,0,1,0,0,1
"Draper, Sid",6,1,3,0,1,0,4,0,2,1,3,0,2,0,2,0,0,0,0,1,28,0,0,0,0,1
"Fogarty, Darcy",11,9,3,3,1,0,0,0,3,0,5,0,1,0,4,2,4,1,0,1,80,0,0,0,1,1
"Hinge, Mitch",13,1,3,1,0,0,5,3,2,2,1,3,1,0,5,0,1,2,0,1,80,1,0,0,0,1
"Keane, Mark",8,1,2,0,0,0,0,4,1,0,4,1,2,0,3,1,0,2,4,0,95,1,0,0,0,1
"Keays, Ben",17,11,5,4,2,0,3,0,6,2,1,0,0,3,3,0,4,0,0,2,81,0,0,0,1,1
"Laird, Rory",14,5,9,0,0,0,2,5,1,1,0,0,0,0,4,0,0,1,0,0,81,1,0,0,0,1
"Michalanney, Max",12,8,3,0,0,0,1,4,1,0,1,2,0,0,6,2,0,0,0,0,90,1,0,0,0,1
"Milera, Wayne",16,6,2,1,1,0,1,5,1,0,1,0,1,0,4,0,0,0,0,0,79,1,0,0,0,1
"Murray, Nick",8,5,5,0,0,0,3,5,0,0,3,1,2,0,5,1,0,7,0,0,88,1,0,0,0,1
"Neal-Bullen, Alex",9,5,9,2,0,0,4,0,3,3,5,0,1,0,5,0,1,1,0,0,84,0,0,0,0,1
"OBrien, Reilly",4,2,6,0,0,32,3,0,3,1,4,0,0,0,4,0,0,1,0,1,86,0,0,1,0,1
"Peatling, James",5,2,8,0,0,0,3,0,2,3,4,1,3,0,6,0,0,0,0,2,83,0,0,0,0,1
"Rachele, Josh",13,8,3,4,2,0,1,1,0,2,2,0,1,0,4,1,2,3,0,0,85,0,0,0,1,1
"Rankine, Izak",11,5,4,2,1,0,1,0,5,2,3,0,1,0,7,0,1,3,3,1,56,0,0,0,1,1
"Sholl, Lachlan",14,9,5,1,0,0,0,0,3,0,2,0,1,0,1,0,0,0,0,1,80,1,0,0,0,1
"Soligo, Jake",15,6,12,2,0,0,2,0,2,5,6,0,2,0,11,0,0,0,2,0,73,0,1,0,0,1
"Thilthorpe, Riley",10,7,6,3,1,1,2,0,6,1,3,3,1,0,10,3,4,2,0,3,82,0,0,0,1,1
"Walker, Taylor",10,10,3,1,1,1,2,0,6,0,1,0,0,0,5,2,2,0,0,3,76,0,0,0,1,1
"Worrell, Josh",11,8,7,0,0,0,3,2,0,0,5,1,0,0,6,1,0,0,0,0,87,1,0,0,0,1
"Aliir, Aliir",12,9,4,0,0,0,0,4,0,0,0,0,0,0,5,2,0,5,0,0,100,1,0,0,0,1
"Bergman, Miles",13,9,8,0,0,0,1,7,1,0,4,0,0,0,3,1,0,2,3,0,88,1,0,0,0,1
"Berry, Joe",4,2,6,1,1,0,3,0,1,0,1,0,0,0,0,0,1,1,0,1,77,0,0,0,0,1
"Boak, Travis",9,6,19,0,1,0,0,0,3,3,4,0,1,0,6,0,1,1,2,1,80,0,0,0,0,1
"Burgoyne, Jase",16,8,16,2,0,0,2,1,2,1,1,1,1,0,6,0,0,1,0,0,100,0,0,0,0,1
"Burton, Ryan",9,7,8,0,1,0,1,3,1,0,1,1,1,0,3,0,0,1,0,0,76,1,0,0,0,1
"Byrne-Jones, Darcy",14,4,4,1,1,0,2,2,6,1,1,1,0,0,6,0,2,2,0,2,82,0,0,0,1,1
"Drew, Willem",5,3,17,0,1,0,12,2,2,7,0,1,0,0,11,0,0,0,0,2,73,0,1,0,0,1
"Evans, Logan",19,11,5,1,0,0,0,1,0,0,3,2,0,0,5,0,0,1,2,0,77,0,0,0,0,1
"Farrell, Kane",17,8,14,1,1,0,1,4,2,1,3,0,0,0,4,0,0,2,1,0,88,0,0,0,0,1
"Georgiades, Mitch",10,8,7,4,2,0,2,0,1,0,1,1,0,0,2,0,3,0,1,0,88,0,0,0,1,1
"Horne-Francis, Jason",9,5,8,1,1,0,3,0,3,3,7,0,5,1,4,0,2,1,0,4,83,0,0,0,1,1
"Jones, Lachie",6,4,9,0,0,0,3,2,2,2,2,1,2,0,9,3,0,3,0,1,72,0,1,0,0,1
"Lukosius, Jack",0,0,0,0,0,0,0,0,0,0,0,0,0,0,0,0,0,0,0,0,3,0,0,0,1,1
"Mead, Jackson",8,6,22,0,0,0,3,2,4,3,1,0,0,0,7,0,0,0,0,1,78,0,1,0,0,1
"Moraes, Christian",8,6,9,0,0,0,0,1,4,0,0,0,0,0,3,0,0,1,0,1,65,0,1,0,0,1
"Powell-Pepper, Sam",10,9,6,3,2,0,1,0,4,0,3,0,1,2,3,0,6,0,1,3,79,0,0,0,1,1
"Richards, Joe",7,5,18,1,1,0,2,1,3,0,2,1,1,0,5,0,0,0,0,1,81,0,0,0,1,1
"Rioli, Willie",10,5,7,3,0,0,3,0,2,3,1,0,0,0,5,0,2,1,0,1,92,0,0,0,1,1
"Rozee, Connor",23,7,16,2,0,0,5,1,6,7,6,0,3,3,10,0,2,0,1,0,81,0,1,0,0,1
"Sinn, Josh",19,8,3,0,0,0,1,6,3,0,3,2,1,0,2,0,0,3,1,0,75,0,0,0,0,1
"Sweet, Jordon",3,2,8,0,0,38,3,0,2,0,2,0,2,0,3,0,0,5,0,0,85,0,0,1,0,1
"Wines, Ollie",8,1,25,1,0,2,4,2,4,5,5,3,2,0,12,0,0,0,0,2,75,0,1,0,0,1
"Armstrong, Harry",7,5,5,2,2,0,0,0,2,0,2,0,0,0,4,1,3,2,0,0,76,0,0,0,1,0
"Banks, Sam",3,0,5,0,0,0,2,1,0,1,2,1,1,0,4,0,0,0,0,0,28,1,0,0,0,0
"Bauer, Jacob",5,3,3,1,0,1,0,0,1,0,3,1,1,0,3,0,2,1,0,0,90,0,0,0,1,0
"Blight, Jacob",7,5,5,1,1,2,2,1,0,4,1,2,0,0,6,2,2,5,0,0,77,1,0,0,0,0
"Broad, Nathan",8,6,0,0,0,0,1,3,0,0,2,0,0,0,1,1,0,0,0,0,87,1,0,0,0,0
"Brown, Tom",10,5,4,0,0,0,0,3,4,1,0,0,0,0,4,0,0,3,0,1,84,1,0,0,0,0
"Campbell, Seth",8,1,5,2,3,0,2,0,3,0,3,1,1,0,7,0,0,2,2,0,89,0,0,0,1,0
"Dow, Thomson",6,4,9,0,0,0,2,1,3,3,0,3,0,0,8,0,0,0,0,1,79,0,1,0,0,0
"Fawcett, Liam",3,2,2,1,0,0,0,0,3,0,1,0,1,0,1,0,0,2,0,1,70,0,0,0,1,0
"Green, Steely",7,2,6,0,0,0,0,0,3,0,2,0,1,0,5,0,0,1,0,0,82,0,0,0,0,0
"Hopper, Jacob",9,0,15,0,0,0,0,0,4,6,6,0,1,0,13,0,0,1,1,0,77,0,1,0,0,0
"Lalor, Sam",7,4,3,1,0,0,4,1,1,1,3,1,0,0,3,0,0,1,0,0,81,0,0,0,1,0
"Mansell, Rhyan",14,3,2,0,3,0,6,0,3,2,3,4,0,0,9,0,1,0,0,1,67,0,0,0,0,0
"McIntosh, Kamdyn",10,5,8,1,0,0,6,0,2,1,4,0,1,0,5,1,0,2,0,0,85,0,0,0,0,0
"Miller, Ben",13,6,6,0,0,0,0,11,0,0,1,0,0,0,4,0,0,9,0,0,92,1,0,0,0,0
"Nankervis, Toby",5,0,8,0,0,39,0,1,5,8,2,2,1,0,9,0,0,1,0,0,83,0,0,1,0,0
"Ross, Jack",5,3,6,0,0,0,2,1,2,2,4,0,2,0,8,0,0,3,0,1,83,0,1,0,0,0
"Short, Jayden",17,6,4,0,0,0,2,3,5,2,2,3,1,0,4,0,0,0,0,0,80,1,0,0,0,0
"Smith, Kaleb",5,3,2,0,0,0,0,3,2,1,2,0,0,0,3,0,0,2,0,0,49,1,0,0,0,0
"Taranto, Tim",4,0,13,0,1,0,8,2,0,4,1,2,1,0,9,0,0,0,0,0,90,0,1,0,0,0
"Trainor, Luke",8,2,2,0,1,0,1,1,3,1,4,0,2,0,1,0,0,2,0,1,82,1,0,0,0,0
"Trezise, James",4,1,5,0,0,0,0,0,2,1,0,0,0,0,4,0,0,3,0,0,90,0,0,0,0,0
"Vlastuin, Nick",9,4,5,0,0,0,1,3,2,2,1,0,0,0,5,0,0,2,0,0,79,1,0,0,0,0
"Byrnes, Ryan",13,5,7,0,0,0,0,3,1,0,0,1,0,0,6,0,1,0,0,0,81,0,0,0,0,1
"Caminiti, Anthony",14,13,4,0,0,0,0,9,0,0,5,0,2,0,2,0,0,4,0,0,100,1,0,0,0,1
"Clark, Hunter",7,2,4,0,0,0,4,0,2,3,4,0,2,0,7,0,0,1,0,0,30,0,1,0,0,1
"Collard, Lance",3,0,3,2,0,0,3,0,3,0,3,0,2,0,3,0,0,1,0,0,67,0,0,0,1,1
"Garcia, Hugo",1,0,4,0,0,0,4,0,1,1,0,0,0,0,1,0,0,2,0,0,29,0,1,0,0,1
"Hall, Max",7,3,6,0,1,0,2,0,2,1,1,0,0,0,2,0,1,0,0,0,79,0,0,0,0,1
"Higgins, Jack",9,4,3,4,1,0,3,0,1,0,2,1,1,0,5,0,2,1,0,2,82,0,0,0,1,1
"Hill, Bradley",9,3,4,0,0,0,2,1,2,1,1,0,1,0,2,1,0,0,0,0,91,0,0,0,0,1
"Jones, Zak",15,7,12,0,0,0,5,1,5,2,4,1,0,0,12,0,0,0,0,1,86,0,0,0,0,1
"Keeler, Isaac",3,2,4,1,0,3,4,2,0,2,3,1,1,0,6,1,1,1,0,1,86,0,0,0,1,1
"Macrae, Jack",17,8,18,0,0,0,10,2,7,9,1,2,0,3,16,0,0,3,0,1,87,0,1,0,0,1
"Marshall, Rowan",16,6,13,0,1,32,6,3,6,7,8,2,3,2,14,1,1,1,0,0,82,0,0,1,0,1
"OConnell, Liam",4,2,0,0,0,0,5,0,1,0,0,0,0,0,1,1,0,1,0,0,72,0,0,0,0,1
"Owens, Mitch",6,5,4,2,1,1,3,0,2,0,5,2,3,0,6,0,4,1,1,2,91,0,0,0,1,1
"Sinclair, Jack",18,3,7,2,0,0,6,2,4,5,1,1,0,1,7,0,1,2,0,2,80,0,1,0,0,1
"Steele, Jack",8,4,14,0,0,0,13,0,3,5,2,1,1,0,9,0,0,2,0,2,80,0,1,0,0,1
"Stocker, Liam",3,3,2,0,0,0,1,0,1,0,0,0,0,0,2,1,0,2,0,0,40,0,0,0,0,1
"Wanganeen-Milera, Nasiah",19,5,10,0,1,0,2,5,1,1,2,0,0,0,6,0,0,2,1,1,89,1,0,0,0,1
"Webster, Jimmy",8,5,3,0,0,0,1,2,0,1,1,0,0,0,2,0,0,4,1,0,78,1,0,0,0,1
"Wilkie, Callum",15,9,4,0,0,0,3,5,1,0,1,1,0,0,5,1,0,4,0,0,100,1,0,0,0,1
"Wilson, Darcy",10,1,7,0,0,0,3,1,6,2,3,1,0,0,6,0,0,0,0,0,90,0,0,0,0,1
"Windhager, Marcus",15,5,10,2,1,0,5,0,3,3,2,0,0,0,10,0,2,0,0,2,84,0,1,0,0,1
"Wood, Mason",17,10,9,2,1,0,3,2,2,1,6,0,1,0,8,1,2,0,0,1,95,0,0,0,0,1
"Atkins, Tom",8,2,12,0,0,0,11,2,1,6,2,0,0,0,11,0,0,1,0,0,80,0,1,0,0,0
"Blicavs, Mark",8,4,8,1,0,18,2,1,3,6,4,3,1,0,10,0,0,4,0,1,82,0,0,1,0,0
"Bowes, Jack",7,0,3,0,0,0,4,2,2,2,3,1,1,0,4,0,0,4,0,1,78,0,0,0,0,0
"Cameron, Jeremy",9,2,7,1,0,0,1,2,2,0,2,2,0,0,7,0,0,2,0,0,89,0,0,0,1,0
"Clark, Jhye",12,1,2,0,2,0,3,0,6,2,2,2,0,0,5,0,0,0,0,0,66,0,1,0,0,0
"Clohesy, Ted",11,6,5,2,1,0,4,2,3,0,2,1,0,0,5,1,1,0,0,0,57,0,0,0,0,0
"Close, Brad",2,0,5,1,0,0,4,0,1,1,0,1,0,0,5,0,0,2,0,0,80,0,0,0,1,0
"Dangerfield, Patrick",9,1,9,0,1,0,2,0,2,6,4,1,2,0,12,1,1,0,0,1,78,0,0,0,1,0
"De Koning, Sam",8,4,8,0,0,21,1,3,2,3,3,1,2,0,8,0,0,3,0,0,70,0,0,1,0,0
"Dempsey, Oliver",7,2,5,2,1,0,2,2,0,1,3,0,1,0,6,1,1,0,0,0,86,0,0,0,0,0
"Guthrie, Zach",16,5,5,0,0,0,2,5,2,0,5,1,1,0,6,0,0,5,0,0,82,1,0,0,0,0
"Henry, Jack",12,10,3,0,0,0,1,4,0,0,2,1,1,0,8,4,0,6,0,0,94,1,0,0,0,0
"Henry, Oliver",6,3,3,0,2,0,3,0,3,1,3,1,0,0,6,2,1,1,0,1,86,0,0,0,1,0
"Holmes, Max",11,4,8,1,0,0,4,2,4,3,3,0,2,0,8,1,1,3,2,1,77,0,1,0,0,0
"Humphries, Lawson",14,8,8,0,0,0,2,7,1,0,6,0,1,0,7,0,0,1,1,0,84,1,0,0,0,0
"Knevitt, Mitch",5,3,11,1,0,0,7,0,3,3,4,0,0,0,8,0,0,1,0,1,78,1,0,0,0,0
"Miers, Gryan",10,5,10,0,0,0,2,2,4,2,2,0,0,0,4,0,0,1,0,0,87,0,0,0,1,0
"Mullin, Oisin",0,0,7,0,0,0,2,0,1,1,1,0,1,0,4,0,0,0,0,1,78,1,0,0,0,0
"Neale, Shannon",4,3,1,2,0,4,5,0,2,0,3,1,1,0,5,3,1,1,0,1,97,0,0,0,1,0
"OConnor, Mark",10,5,6,0,1,0,3,1,4,0,1,0,0,0,5,0,1,1,0,2,75,0,0,0,0,0
"OSullivan, Connor",11,7,4,0,0,0,3,1,4,0,1,1,0,0,8,2,0,8,0,0,93,1,0,0,0,0
"Stengle, Tyson",6,5,3,2,1,0,7,0,2,0,0,0,0,0,3,0,3,2,0,0,84,0,0,0,1,0
"Stewart, Tom",2,1,0,0,0,0,0,1,0,0,0,0,0,0,0,0,0,0,0,0,18,1,0,0,0,0
"Ah Chee, Callum",11,8,2,3,1,0,2,0,3,0,3,0,1,0,2,0,3,0,0,2,76,0,0,0,1,1
"Andrews, Harris",13,12,7,0,0,0,1,3,0,1,2,0,0,3,9,2,0,5,0,0,92,1,0,0,0,1
"Answerth, Noah",11,8,5,0,0,0,0,2,0,0,2,0,1,0,5,0,0,5,2,0,80,1,0,0,0,1
"Ashcroft, Levi",11,8,6,0,0,0,2,0,1,0,2,0,1,0,3,0,0,0,1,0,78,0,0,0,0,1
"Ashcroft, Will",16,7,8,0,0,0,1,3,3,6,4,4,1,0,8,0,0,2,0,2,79,0,1,0,0,1
"Bailey, Zac",10,7,4,1,2,0,2,1,1,1,1,1,0,0,3,0,1,1,0,0,85,0,0,0,0,1
"Berry, Jarrod",18,12,8,0,0,0,4,3,2,3,4,2,2,0,8,1,0,1,0,0,79,0,0,0,0,1
"Day, Sam",3,2,4,0,1,11,3,0,0,1,3,0,2,0,3,1,2,3,0,1,85,0,0,0,1,1
"Dunkley, Josh",13,6,10,1,1,0,6,0,5,7,1,3,0,0,12,1,0,1,0,0,81,0,1,0,0,1
"Fletcher, Jaspa",16,9,2,1,0,0,0,4,2,0,0,0,0,0,4,0,0,1,1,1,81,1,0,0,0,1
"Hipwood, Eric",12,9,3,2,2,0,0,0,8,0,2,0,0,0,2,0,3,1,1,1,83,0,0,0,1,1
"Lester, Ryan",14,9,5,0,0,0,3,4,3,1,5,3,0,0,8,2,0,4,0,0,78,1,0,0,0,1
"McCluggage, Hugh",11,3,11,0,0,0,7,1,5,7,4,1,1,0,14,0,1,3,1,4,80,0,1,0,0,1
"McInerney, Oscar",6,1,7,0,0,34,4,1,5,8,2,4,1,1,10,0,0,2,0,0,81,0,0,1,0,1
"McKenna, Conor",3,4,0,0,0,0,1,1,0,0,0,0,0,0,0,0,0,1,0,0,32,1,0,0,0,1
"McLachlan, Will",5,2,3,2,1,0,2,0,1,0,2,2,0,0,4,0,1,2,0,0,69,0,0,0,1,1
"Morris, Logan",6,4,2,3,0,0,2,0,1,0,3,1,0,0,3,1,2,0,0,0,80,0,0,0,1,1
"Neale, Lachie",21,8,14,1,0,0,1,1,10,8,6,1,3,0,14,0,0,0,0,1,85,0,1,0,0,1
"Payne, Jack",8,6,1,0,0,0,2,1,0,1,3,2,0,0,5,1,0,11,0,0,97,1,0,0,0,1
"Rayner, Cam",4,2,4,0,0,0,8,0,1,0,2,0,0,0,2,0,0,1,0,0,78,0,0,0,1,1
"Reville, Bruce",5,3,3,0,0,0,2,1,1,0,2,0,0,0,1,0,0,0,0,0,48,0,0,0,0,1
"Wilmot, Darcy",17,7,6,0,0,0,2,6,4,3,3,2,1,0,8,0,0,0,0,0,83,1,0,0,0,1
"Zorko, Dayne",26,11,2,0,1,0,3,5,4,1,2,1,1,2,1,0,0,1,2,0,88,1,0,0,0,1
"Allen, Oscar",7,4,1,1,1,0,0,0,3,0,4,0,2,0,2,0,0,2,0,0,97,0,0,0,1,0
"Baker, Liam",15,3,9,0,0,0,7,1,4,6,10,1,3,0,10,0,0,2,0,0,83,0,1,0,0,0
"Brockman, Tyler",6,3,3,2,0,0,0,0,1,1,3,0,1,0,2,1,1,2,0,0,76,0,0,0,1,0
"Cole, Tom",4,2,9,0,0,0,4,4,0,1,4,0,1,0,4,0,0,1,1,0,83,1,0,0,0,0
"Cripps, Jamie",8,2,4,1,1,0,2,1,2,1,0,2,0,0,2,0,0,0,0,1,90,0,0,0,1,0
"Dewar, Tyrell",15,7,5,2,0,0,1,1,4,0,4,0,1,0,5,0,0,2,1,0,82,0,0,0,0,0
"Duggan, Liam",9,5,10,0,0,0,2,5,2,1,3,1,1,0,9,1,0,0,1,0,83,1,0,0,0,0
"Edwards, Harry",6,3,1,0,0,0,0,2,2,0,1,1,0,0,3,1,0,9,0,0,87,1,0,0,0,0
"Ginbey, Reuben",8,5,3,0,0,1,3,5,0,0,3,0,0,0,7,1,0,5,0,0,89,1,0,0,0,0
"Hall, Clay",4,0,11,1,0,0,3,0,1,7,2,0,1,0,14,0,0,2,0,1,65,0,0,0,0,0
"Hewett, Elijah",8,2,5,0,2,0,2,1,3,1,2,3,0,0,9,0,1,2,0,1,70,0,0,0,1,0
"Hough, Brady",10,4,4,0,0,0,5,1,5,0,2,1,0,0,6,1,0,2,0,0,87,1,0,0,0,0
"Hunt, Jayden",9,5,9,0,0,0,1,1,3,0,6,0,4,0,3,0,0,2,1,0,82,1,0,0,0,0
"Kelly, Tim",15,5,14,0,1,0,4,3,5,6,7,0,1,0,13,1,0,2,1,2,78,0,0,0,0,0
"Long, Noah",3,0,4,0,0,0,3,0,2,0,1,0,0,0,2,0,0,0,1,1,78,0,0,0,1,0
"Maric, Ryan",18,1,8,0,0,0,1,8,2,0,6,0,1,0,3,0,0,2,3,0,85,1,0,0,0,0
"McGovern, Jeremy",11,3,9,0,0,0,1,8,0,0,1,0,0,0,5,1,0,5,0,0,91,1,0,0,0,0
"Owies, Matthew",4,2,9,0,0,0,8,0,2,1,5,1,0,0,7,0,0,0,0,0,84,0,0,0,1,0
"Petruccelle, Jack",2,2,1,1,0,0,1,0,0,0,2,0,1,0,0,0,1,1,0,0,28,0,0,0,1,0
"Reid, Archer",5,1,2,0,2,13,0,0,0,2,3,1,1,0,3,0,1,1,0,0,66,0,0,1,0,0
"Reid, Harley",8,3,7,0,0,0,7,1,2,6,10,2,7,0,9,0,0,0,1,0,79,0,1,0,0,0
"Ryan, Liam",10,4,6,3,1,0,1,0,3,0,1,1,0,0,7,1,3,0,2,1,86,0,0,0,1,0
"Williams, Bailey",3,1,1,0,0,23,1,2,2,3,3,1,2,0,3,1,0,1,0,0,50,0,0,1,0,0
"Comben, Charlie",13,12,3,0,0,0,1,4,2,0,5,0,1,1,8,5,0,3,2,0,95,1,0,0,0,1
"Corr, Aidan",14,7,3,0,0,0,0,5,0,1,3,0,2,0,3,0,0,3,0,0,87,1,0,0,0,1
"Curtis, Paul",13,6,9,3,2,0,4,0,3,0,5,2,1,0,9,1,2,1,0,1,82,0,0,0,1,1
"Daniel, Caleb",25,6,6,0,0,0,3,11,2,1,5,0,1,0,5,0,0,0,4,0,83,1,0,0,0,1
"Darling, Jack",8,4,6,2,0,3,3,0,3,0,1,0,1,0,6,2,2,1,0,0,84,0,0,0,1,1
"Davies-Uniacke, Luke",9,2,14,0,0,0,7,2,2,4,5,0,1,0,12,1,0,2,3,2,87,0,1,0,0,1
"Hansen, Robert",7,3,8,0,0,0,1,2,2,0,4,0,0,0,3,0,0,2,3,2,73,0,0,0,0,1
"Konstanty, Jacob",4,1,5,1,0,0,2,0,1,0,4,1,2,0,4,0,0,0,0,1,55,0,0,0,1,1
"Larkey, Nick",6,3,4,3,1,0,2,0,0,0,1,2,0,0,5,1,2,0,0,0,89,0,0,0,1,1
"McDonald, Luke",9,6,6,0,0,0,0,3,3,0,0,0,0,0,2,0,0,5,1,0,83,1,0,0,0,1
"McKercher, Colby",11,1,6,1,1,0,2,3,3,0,5,0,1,0,2,0,0,1,1,1,77,1,0,0,0,1
"OSullivan, Finn",9,2,3,0,0,0,0,1,1,1,3,0,2,0,4,1,0,0,0,0,79,1,0,0,0,1
"Parker, Luke",10,3,12,1,0,0,2,1,5,3,2,1,1,0,8,1,0,0,0,2,77,0,1,0,0,1
"Phillips, Will",2,2,8,0,0,0,6,2,2,0,1,0,0,0,3,0,0,0,0,1,56,0,0,0,0,1
"Pink, Toby",10,9,2,0,0,0,3,1,0,0,3,1,2,0,2,1,0,2,0,0,90,1,0,0,0,1
"Powell, Tom",15,2,16,1,0,0,2,2,7,8,4,1,0,3,12,0,0,0,0,1,73,0,1,0,0,1
"Scott, Bailey",11,8,6,1,1,0,2,3,4,0,1,0,1,0,2,1,1,0,1,1,84,0,0,0,0,1
"Sheezel, Harry",15,7,13,0,1,0,2,1,3,4,7,1,0,0,14,0,0,1,0,0,89,0,1,0,0,1
"Simpkin, Jy",9,6,15,1,1,0,2,1,3,8,4,0,3,2,11,0,2,2,1,1,82,0,0,0,0,1
"Stephens, Dylan",2,1,3,0,0,0,0,1,1,0,0,0,0,0,1,0,0,0,0,1,24,0,0,0,0,1
"Tucker, Darcy",9,4,7,0,0,0,2,2,0,0,1,1,0,0,4,0,0,1,0,0,82,1,0,0,0,1
"Xerri, Tristan",5,2,15,1,0,29,2,0,2,12,3,2,2,0,15,1,1,4,0,0,85,0,0,1,0,1
"Zurhaar, Cameron",12,3,5,4,1,0,1,0,4,0,2,2,0,0,4,0,2,0,0,0,82,0,0,0,1,1
"Bowey, Jake",19,5,3,0,0,0,3,6,2,1,1,3,0,0,7,0,0,1,1,0,78,1,0,0,0,0
"Chandler, Kade",15,7,10,3,1,0,2,0,7,4,1,4,0,0,10,0,3,2,0,1,82,0,0,0,0,0
"Fritsch, Bayley",3,1,1,1,1,0,0,0,1,0,1,0,0,0,2,0,1,1,1,0,85,0,0,0,1,0
"Gawn, Max",5,2,6,0,1,27,2,1,3,1,4,0,2,0,6,1,0,1,0,0,84,0,0,1,0,0
"Henderson, Jack",7,2,6,1,1,0,5,0,2,0,1,2,0,0,4,0,0,1,0,1,78,0,0,0,1,0
"Howes, Blake",4,3,7,0,0,0,4,1,0,0,1,0,1,0,3,0,0,1,0,0,75,1,0,0,0,0
"Jefferson, Matthew",0,0,0,0,0,0,0,0,0,0,0,0,0,0,0,0,0,0,0,0,22,0,0,0,1,0
"Langdon, Ed",9,6,8,0,1,0,1,3,1,0,2,0,0,0,5,2,2,1,0,0,83,0,0,0,0,0
"Lever, Jake",6,5,4,0,0,0,1,3,0,0,3,1,2,0,2,0,0,2,0,1,79,1,0,0,0,0
"Lindsay, Xavier",8,2,12,0,0,0,6,3,1,2,1,2,0,0,7,0,0,2,0,0,80,0,0,0,0,0
"McDonald, Tom",7,4,6,0,0,0,0,1,2,0,4,1,1,0,6,0,0,8,0,0,100,1,0,0,0,0
"Oliver, Clayton",16,5,20,1,0,0,2,2,4,12,5,0,1,0,19,0,0,0,0,0,82,0,1,0,0,0
"Petracca, Christian",12,5,11,1,1,0,2,0,5,1,3,1,0,0,6,0,1,0,0,1,86,0,1,0,0,0
"Petty, Harry",3,5,4,0,0,0,1,0,1,0,2,0,2,0,4,2,0,5,0,0,100,1,0,0,0,0
"Rivers, Trent",10,4,6,0,0,0,2,3,2,0,3,0,1,0,1,0,0,2,3,0,79,1,0,0,0,0
"Salem, Christian",16,8,8,0,0,0,2,2,3,0,1,1,0,0,8,1,0,1,0,2,89,1,0,0,0,0
"Sharp, Harry",6,5,4,0,1,0,1,1,0,0,1,0,0,0,3,0,1,0,0,0,83,0,0,0,0,0
"Spargo, Charlie",6,3,5,0,0,0,2,0,4,0,2,0,1,0,1,0,0,0,0,0,74,0,0,0,1,0
"Sparrow, Tom",12,2,13,0,1,0,2,2,7,6,5,2,1,0,7,0,0,0,1,0,81,1,0,0,0,0
"Turner, Daniel",4,3,3,1,2,0,2,0,0,0,2,1,1,0,5,1,2,1,0,0,71,0,0,0,1,0
"van Rooyen, Jacob",5,2,4,1,2,3,4,0,2,0,0,2,0,0,4,0,1,1,0,0,76,0,0,0,1,0
"Viney, Jack",14,2,13,0,0,0,2,2,8,2,7,1,1,0,7,0,0,3,0,0,77,0,1,0,0,0
"Woewodin, Taj",6,1,4,0,0,0,1,4,1,1,1,0,0,0,3,0,0,0,0,0,56,1,0,0,0,0
"Amiss, Jye",5,4,3,1,0,0,1,1,1,1,0,1,0,0,5,2,1,0,0,0,91,0,0,0,1,0
"Banfield, Bailey",4,1,6,1,0,0,0,0,2,1,3,0,0,0,4,0,1,2,0,0,79,0,0,0,0,0
"Bolton, Shai",9,0,6,0,0,0,4,0,2,4,5,0,3,0,7,0,0,1,1,1,77,0,0,0,0,0
"Brayshaw, Andrew",6,2,13,0,0,0,8,0,6,3,2,1,2,1,8,0,0,2,2,0,86,0,1,0,0,0
"Chapman, Heath",8,4,4,0,0,0,3,2,0,0,2,1,0,0,4,0,0,3,0,0,75,1,0,0,0,0
"Clark, Jordan",15,5,9,0,0,0,2,8,4,0,3,0,1,0,12,3,0,2,1,1,92,1,0,0,0,0
"Cox, Brennan",9,7,3,0,0,0,0,1,0,0,0,1,0,0,5,1,0,4,0,0,84,1,0,0,0,0
"Draper, Josh",5,1,2,0,0,0,2,0,1,0,0,2,0,0,5,0,0,4,0,1,46,1,0,0,0,0
"Erasmus, Neil",8,3,6,0,1,0,2,2,3,1,4,2,2,0,3,0,0,0,0,0,66,0,0,0,0,0
"Frederick, Michael",6,3,6,0,2,0,0,0,1,1,2,1,0,0,8,1,0,0,0,0,83,0,0,0,1,0
"Jackson, Luke",6,3,14,1,0,28,5,0,5,0,5,1,2,0,7,1,1,2,0,0,85,0,0,1,0,0
"Johnson, Matthew",11,6,6,0,0,0,2,2,8,0,7,0,1,0,2,0,0,1,0,0,70,0,0,0,0,0
"ODriscoll, Nathan",15,3,10,0,0,0,2,3,8,4,3,0,1,0,9,0,0,1,1,1,71,0,0,0,0,0
"OMeara, Jaeger",11,4,21,0,0,0,2,3,1,5,6,1,3,0,14,0,0,2,0,0,88,0,1,0,0,0
"Pearce, Alex",6,5,5,0,0,0,0,3,0,0,0,0,0,2,7,3,0,5,0,0,93,1,0,0,0,0
"Reid, Murphy",9,1,5,0,1,0,2,0,4,0,1,1,0,0,6,0,0,3,0,1,68,0,0,0,1,0
"Ryan, Luke",19,7,4,0,0,0,1,8,1,0,2,0,0,0,2,0,0,3,0,0,91,1,0,0,0,0
"Serong, Caleb",9,2,10,1,1,0,6,2,3,5,2,2,1,0,9,0,1,2,1,0,87,0,1,0,0,0
"Sharp, Jeremy",10,4,8,0,0,0,0,1,3,0,0,0,0,0,4,0,0,2,0,1,82,0,0,0,0,0
"Treacy, Josh",8,7,5,4,2,5,2,0,2,0,1,0,1,0,7,2,4,0,0,0,92,0,0,0,1,0
"Voss, Patrick",9,6,4,1,3,1,1,1,1,0,6,0,1,0,6,0,4,2,0,0,75,0,0,0,1,0
"Wagner, Corey",13,5,7,0,0,0,3,7,2,0,0,1,0,0,4,0,0,1,0,0,85,0,0,0,0,0
"Walker, Brandon",2,0,3,0,0,0,0,1,1,0,0,0,0,0,2,0,0,1,0,0,34,1,0,0,0,0
"Amartey, Joel",5,5,3,2,0,0,2,0,0,0,1,0,0,0,4,2,2,1,0,0,73,0,0,0,1,1
"Bice, Riley",8,3,6,1,0,0,4,2,1,0,2,0,1,0,6,0,0,2,4,0,80,0,0,0,0,1
"Blakey, Nick",19,7,1,0,0,0,1,5,4,0,3,2,0,0,5,0,0,3,0,1,88,1,0,0,0,1
"Campbell, Braeden",10,4,6,0,1,0,3,2,1,1,3,0,1,0,4,0,1,0,0,0,80,0,0,0,0,1
"Florent, Oliver",6,1,5,0,1,0,3,0,3,0,0,1,0,0,3,0,0,1,2,0,79,0,0,0,0,1
"Grundy, Brodie",7,6,4,0,0,23,3,1,1,0,1,0,0,0,3,1,1,1,0,0,64,0,0,1,0,1
"Hamling, Joel",6,5,6,0,0,0,1,1,1,0,2,2,0,0,5,1,0,10,1,0,87,1,0,0,0,1
"Hanily, Tom",2,2,5,1,0,0,0,0,0,1,1,0,1,0,4,0,1,0,0,0,66,0,0,0,1,1
"Hayward, Will",5,3,2,1,2,0,2,0,0,0,1,0,0,0,1,0,2,0,0,0,79,0,0,0,1,1
"Heeney, Isaac",12,3,9,0,0,0,5,2,5,6,5,2,2,0,11,0,0,0,0,0,87,0,1,0,0,1
"Jordon, James",7,1,17,0,0,0,2,4,4,10,8,0,1,0,17,0,0,2,0,0,82,0,1,0,0,1
"Ladhams, Peter",7,2,5,1,0,7,2,1,1,3,1,1,1,0,9,1,1,2,0,0,68,0,0,1,0,1
"Lloyd, Jake",18,10,7,0,0,0,1,3,4,2,1,0,1,0,3,0,0,0,0,1,90,1,0,0,0,1
"McCartin, Tom",10,5,5,0,0,0,1,5,0,0,4,1,2,0,7,1,0,6,0,0,94,1,0,0,0,1
"McLean, Hayden",6,1,3,2,1,1,5,0,3,0,3,1,1,0,5,0,0,2,0,1,78,0,0,0,1,1
"Papley, Tom",15,4,4,0,2,0,2,0,5,1,3,0,2,0,8,0,0,0,1,1,84,0,0,0,1,1
"Rampe, Dane",12,9,0,0,0,0,4,8,0,0,1,0,0,0,1,0,0,1,0,0,81,1,0,0,0,1
"Roberts, Matt",19,5,6,0,0,0,2,5,5,3,2,3,0,0,8,0,0,3,0,0,94,1,0,0,0,1
"Rowbottom, James",11,3,11,0,0,0,4,2,3,4,4,1,1,0,12,0,0,2,0,2,76,0,1,0,0,1
"Sheldrick, Angus",2,1,1,0,1,0,0,1,1,0,0,0,0,0,2,0,0,0,0,0,14,0,0,0,0,1
"Warner, Chad",22,9,4,1,2,0,5,3,10,4,4,3,1,3,10,0,1,0,1,1,88,0,1,0,0,1
"Warner, Corey",10,4,4,0,1,0,4,1,2,1,3,1,0,0,3,0,0,0,1,0,85,0,0,0,0,1
"Wicks, Sam",7,1,8,0,0,0,1,3,1,1,1,0,0,0,1,0,0,1,1,0,81,1,0,0,0,1
"Bryan, Nick",8,2,4,0,0,21,2,2,1,1,1,3,1,0,5,0,0,3,0,0,79,0,0,1,0,1
"Caddy, Nate",9,2,4,2,2,0,3,0,1,0,2,2,0,0,8,1,1,0,0,0,74,0,0,0,1,1
"Caldwell, Jye",11,7,12,0,1,0,5,0,6,3,3,1,0,0,10,1,0,1,0,0,77,0,1,0,0,1
"Draper, Sam",6,2,3,2,0,10,2,0,2,2,4,2,1,0,7,2,2,3,0,0,100,0,0,1,0,1
"Durham, Sam",13,4,15,0,0,0,3,1,6,5,3,2,0,0,14,0,1,3,0,2,84,0,1,0,0,1
"Duursma, Xavier",13,8,16,0,1,0,3,3,4,4,1,4,0,0,11,0,1,0,2,0,80,0,0,0,0,1
"Edwards, Tom",4,2,2,0,1,0,1,0,0,0,4,1,2,0,2,0,1,0,0,0,48,0,0,0,1,1
"El-Hawli, Saad",3,0,4,0,0,0,0,0,1,1,2,0,0,0,3,0,0,0,2,0,25,1,0,0,0,1
"Gresham, Jade",11,4,9,1,0,0,7,1,4,3,2,1,1,0,5,0,1,2,0,1,89,0,0,0,1,1
"Hobbs, Ben",8,1,13,0,0,0,4,1,2,4,6,2,2,0,9,0,0,1,0,0,72,0,0,0,0,1
"Jones, Harry",6,5,7,0,1,0,2,0,1,0,0,1,0,0,4,0,1,0,0,0,77,0,0,0,1,1
"Kako, Isaac",5,1,5,0,0,0,3,0,2,0,0,0,0,0,2,0,0,0,0,2,80,0,0,0,1,1
"Martin, Nic",11,4,9,1,0,0,1,4,4,2,1,0,0,0,4,0,0,0,3,0,92,0,0,0,0,1
"McGrath, Andrew",7,3,2,0,0,0,1,2,0,1,1,0,1,0,1,0,0,0,0,0,81,1,0,0,0,1
"McKay, Ben",6,5,4,0,0,0,0,0,0,0,2,0,0,0,2,0,0,4,0,0,100,1,0,0,0,1
"Menzie, Jye",5,3,5,1,1,0,2,0,2,0,2,0,2,0,3,0,2,0,0,1,53,0,0,0,1,1
"Merrett, Zach",15,5,19,0,2,0,2,0,5,1,4,0,0,3,8,0,1,2,2,1,82,0,1,0,0,1
"Prior, Jaxon",15,6,4,0,0,0,1,9,0,0,4,0,1,0,3,0,0,5,1,0,82,1,0,0,0,1
"Redman, Mason",19,3,3,1,0,0,4,5,4,0,0,1,0,0,2,0,0,2,0,0,88,1,0,0,0,1
"Reid, Zach",12,10,4,0,0,0,2,1,1,0,2,1,0,0,3,0,0,4,0,0,91,1,0,0,0,1
"Ridley, Jordan",15,5,7,0,1,0,0,3,2,0,1,0,1,0,2,1,0,3,2,0,91,1,0,0,0,1
"Roberts, Archie",14,6,7,1,0,0,4,1,3,0,3,1,1,0,6,1,1,1,0,1,88,0,0,0,0,1
"Shiel, Dylan",15,5,10,0,0,0,5,2,8,5,5,0,1,1,7,0,0,0,3,0,67,0,1,0,0,1
"Aliir, Aliir",10,8,5,0,0,0,1,5,0,0,3,0,2,0,3,0,0,5,0,0,97,1,0,0,0,0
"Bergman, Miles",19,10,7,0,0,0,0,5,3,0,4,3,0,0,7,1,0,4,2,0,87,1,0,0,0,0
"Berry, Joe",10,5,5,0,1,0,0,0,5,0,4,1,0,0,3,0,1,0,2,1,72,0,0,0,0,0
"Boak, Travis",10,6,8,1,0,0,3,1,4,1,1,0,0,0,3,0,0,0,1,0,80,0,1,0,0,0
"Burgoyne, Jase",16,10,11,0,0,0,3,4,2,1,1,0,0,0,6,0,0,2,0,0,100,1,0,0,0,0
"Byrne-Jones, Darcy",12,4,3,2,0,0,2,0,3,0,3,0,0,0,4,1,0,0,2,1,80,0,0,0,0,0
"Cochrane, Tom",2,2,0,0,1,0,0,0,0,0,0,0,0,0,0,0,1,0,0,0,22,0,0,0,1,0
"Drew, Willem",6,3,9,0,0,0,4,2,1,3,4,2,3,0,6,0,0,1,1,0,73,0,0,0,0,0
"Evans, Logan",8,3,2,0,0,0,2,2,0,0,5,0,3,0,1,0,0,4,0,0,74,1,0,0,0,0
"Farrell, Kane",15,2,3,0,0,0,1,6,1,1,0,0,0,0,2,0,0,2,1,0,72,1,0,0,0,0
"Georgiades, Mitch",9,6,4,2,2,0,0,0,1,0,2,1,2,0,6,2,4,0,0,1,89,0,0,0,1,0
"Horne-Francis, Jason",9,4,13,1,1,0,1,0,2,6,4,1,1,0,10,0,2,1,0,0,78,0,0,0,0,0
"Mead, Jackson",5,3,9,0,0,0,3,0,0,0,1,0,0,0,3,0,0,1,0,0,79,0,0,0,0,0
"Moraes, Christian",13,7,14,0,0,0,1,4,4,1,1,1,0,0,5,1,0,0,0,2,84,0,0,0,0,0
"Powell-Pepper, Sam",8,6,6,0,1,0,4,1,4,3,4,0,1,0,3,0,0,4,1,0,82,0,0,0,1,0
"Ratugolea, Esava",7,8,5,0,0,0,1,4,0,0,2,1,2,0,2,0,0,8,0,0,90,1,0,0,0,0
"Richards, Joe",7,6,6,1,0,0,1,2,1,1,0,0,0,0,4,0,1,0,0,0,71,0,0,0,0,0
"Rioli, Willie",11,4,5,0,1,0,1,1,5,0,5,1,4,0,2,0,1,1,0,1,82,0,0,0,1,0
"Rozee, Connor",8,5,14,0,1,0,4,2,2,1,3,0,0,0,3,0,0,1,1,0,86,0,1,0,0,0
"Sinn, Josh",16,4,2,0,1,0,1,7,0,1,0,0,0,0,1,0,0,2,2,0,78,1,0,0,0,0
"Soldo, Ivan",3,1,2,0,0,9,1,0,1,1,2,0,1,0,3,0,0,2,0,0,60,0,0,1,0,0
"Sweet, Jordon",7,5,7,0,0,27,4,2,1,4,3,2,1,0,4,0,1,5,0,0,85,0,0,1,0,0
"Wines, Ollie",13,4,18,1,0,0,3,2,4,5,8,1,2,2,11,0,0,1,0,0,78,0,1,0,0,0
"Acres, Blake",11,4,4,0,0,0,4,1,4,0,6,1,2,0,2,0,0,2,0,0,86,0,0,0,0,0
"Boyd, Jordan",6,3,3,0,0,0,1,2,0,0,0,0,0,0,2,0,0,1,1,0,55,0,0,0,0,0
"Cerra, Adam",16,2,10,0,0,0,4,2,9,8,5,2,3,0,14,0,0,0,0,0,75,0,1,0,0,0
"Cottrell, Matthew",8,4,6,0,1,0,1,0,4,0,0,0,0,0,7,0,0,2,0,2,92,0,0,0,0,0
"Cowan, Lachlan",8,6,5,0,0,0,3,4,2,2,1,0,1,0,4,0,0,1,0,0,77,1,0,0,0,0
"Cripps, Patrick",5,2,16,0,0,0,8,0,4,6,4,1,2,0,12,0,0,2,0,1,81,0,1,0,0,0
"Curnow, Charlie",7,3,1,3,1,0,3,0,1,0,1,1,0,0,3,1,3,0,0,0,85,0,0,0,1,0
"De Koning, Tom",12,8,16,0,0,28,4,0,4,7,7,3,3,3,19,2,0,2,0,2,81,0,0,1,0,0
"Docherty, Sam",11,5,4,0,0,0,5,0,3,1,1,0,0,0,3,0,0,1,0,0,89,0,0,0,0,0
"Evans, Francis",5,1,2,0,0,0,1,0,3,1,2,1,2,0,4,0,0,0,0,1,61,0,0,0,1,0
"Fogarty, Lachie",6,1,5,0,0,0,7,2,4,0,1,0,0,0,3,0,0,2,0,0,68,0,0,0,0,0
"Haynes, Nick",16,10,1,0,0,0,2,5,1,1,2,1,0,0,2,1,0,2,0,0,82,1,0,0,0,0
"Hewett, George",12,4,15,0,0,0,9,1,2,8,2,2,0,0,13,1,0,1,0,1,79,0,1,0,0,0
"Hollands, Oliver",7,6,5,0,0,0,3,2,1,0,3,0,3,0,4,0,0,1,0,0,88,1,0,0,0,0
"Kemp, Brodie",10,7,2,5,1,0,4,0,2,0,3,2,0,1,4,0,5,3,0,0,87,0,0,0,1,0
"McGovern, Mitch",10,4,1,0,0,0,1,6,0,0,2,1,0,0,2,0,0,4,0,0,82,1,0,0,0,0
"Motlop, Jesse",7,1,2,1,1,0,5,0,2,1,2,2,2,0,4,0,1,0,0,1,78,0,0,0,1,0
"Saad, Adam",15,5,4,0,1,0,3,6,1,2,4,1,1,0,3,0,0,1,5,0,86,1,0,0,0,0
"Silvagni, Jack",11,9,5,0,0,0,1,4,1,0,2,1,0,0,5,1,0,9,0,0,88,1,0,0,0,0
"Walsh, Sam",14,1,12,0,1,0,3,0,7,5,4,1,1,0,11,0,0,0,0,0,79,0,1,0,0,0
"Weitering, Jacob",10,9,4,0,0,0,1,3,0,0,3,0,2,0,6,3,0,7,0,0,96,1,0,0,0,0
"Williams, Zac",3,0,5,0,0,0,0,1,1,1,1,1,0,0,5,0,0,0,2,1,20,0,0,0,0,0
"Young, Lewis",4,5,4,2,1,8,4,0,0,0,4,0,2,0,3,2,4,2,0,0,85,0,0,0,1,0
"Baker, Oskar",10,7,4,0,0,0,0,2,3,0,2,0,0,0,3,0,0,3,0,0,60,0,0,0,0,1
"Bramble, Lachlan",12,3,6,0,0,0,2,3,0,0,3,1,2,0,4,0,0,2,1,1,85,1,0,0,0,1
"Dale, Bailey",14,4,6,0,0,0,0,5,3,0,4,0,1,0,6,0,0,2,1,1,84,1,0,0,0,1
"Darcy, Sam",13,8,4,2,1,4,2,0,3,1,0,3,0,0,12,3,2,2,0,1,85,0,0,0,1,1
"Davidson, Sam",20,10,11,0,1,0,3,0,4,2,2,0,0,0,7,1,0,2,0,1,80,0,0,0,0,1
"Dolan, Josh",3,3,2,0,0,0,0,0,2,0,1,0,0,0,0,0,1,0,0,1,20,0,0,0,1,1
"English, Tim",10,6,6,0,1,34,2,2,3,2,5,2,2,0,6,1,0,1,0,1,78,0,0,1,0,1
"Freijah, Joel",7,4,9,0,0,0,4,3,3,1,3,2,2,0,6,0,0,4,0,0,83,0,0,0,0,1
"Gallagher, Harvey",9,4,0,0,0,0,1,3,1,2,4,1,3,0,2,0,0,0,0,0,77,1,0,0,0,1
"Harmes, James",14,5,8,0,1,0,3,3,5,2,1,2,0,0,11,0,1,0,0,0,76,0,0,0,0,1
"Jones, Liam",4,4,3,0,0,0,2,2,0,0,0,0,0,0,0,0,0,10,0,0,88,1,0,0,0,1
"Kennedy, Matthew",15,3,7,2,0,0,4,1,4,9,2,1,1,0,10,0,0,1,0,0,85,0,1,0,0,1
"Khamis, Buku",8,6,2,0,0,0,4,5,0,0,1,0,1,0,2,1,0,4,0,0,89,1,0,0,0,1
"Liberatore, Tom",17,6,13,1,0,0,11,3,5,5,6,3,2,2,11,0,0,1,0,0,86,0,1,0,0,1
"Lobb, Rory",8,3,5,0,0,0,2,7,0,0,1,1,0,0,5,0,0,7,0,0,100,1,0,0,0,1
"McNeil, Lachlan",6,2,6,1,1,0,3,0,2,0,1,1,0,0,5,0,0,1,0,0,76,0,0,0,1,1
"Naughton, Aaron",3,4,3,1,1,1,3,0,0,0,1,0,0,0,3,1,2,1,0,0,80,0,0,0,1,1
"ODonnell, James",7,3,3,2,1,0,3,1,4,2,1,3,0,0,4,0,1,2,0,0,82,0,0,0,1,1
"Richards, Ed",12,5,9,0,0,0,5,3,1,3,6,0,0,0,10,0,0,1,1,0,84,0,1,0,0,1
"Sanders, Ryley",7,2,17,1,0,0,3,1,2,5,4,0,2,0,12,0,1,1,0,0,70,0,0,0,0,1
"Vandermeer, Laitham",5,1,6,1,0,0,3,0,1,0,5,2,4,0,6,0,0,1,2,0,76,0,0,0,1,1
"West, Rhylee",3,1,5,1,1,0,3,0,1,2,1,1,0,0,5,0,0,0,0,1,76,0,0,0,1,1
"Williams, Bailey",9,5,17,0,1,0,2,1,4,4,1,1,1,0,11,0,1,1,0,0,80,0,0,0,0,1
"Billings, Jack",5,2,9,0,0,0,2,0,1,1,2,0,0,0,5,0,0,0,0,1,90,0,0,0,0,0
"Bowey, Jake",14,6,12,1,0,0,2,2,1,0,1,0,0,0,8,0,0,2,0,0,84,1,0,0,0,0
"Chandler, Kade",7,5,6,1,0,0,3,2,1,0,3,1,2,0,4,0,1,0,0,0,84,0,0,0,0,0
"Fritsch, Bayley",10,5,5,0,3,0,2,2,2,0,2,0,0,0,3,0,3,1,0,0,76,0,0,0,1,0
"Gawn, Max",8,5,7,0,1,30,2,4,2,1,7,1,3,0,9,2,0,0,0,0,84,0,0,1,0,0
"Henderson, Jack",5,4,6,0,1,0,1,0,2,1,1,1,1,0,6,1,2,0,0,0,78,0,0,0,1,0
"Howes, Blake",7,1,2,0,0,0,2,4,1,0,1,1,1,0,2,0,0,1,0,0,74,1,0,0,0,0
"Johnson, Aidan",2,1,3,0,0,5,4,0,0,2,3,0,2,0,2,0,0,3,0,0,76,0,0,0,0,0
"Langdon, Ed",13,7,16,0,0,0,4,2,4,1,1,0,0,0,4,0,0,0,0,1,97,0,0,0,0,0
"Langford, Harvey",10,3,16,1,1,0,1,1,5,6,5,2,3,0,15,0,0,0,0,2,66,0,1,0,0,0
"Lindsay, Xavier",2,2,0,0,0,0,0,1,0,0,0,0,0,0,0,0,0,0,0,0,3,0,0,0,0,0
"May, Steven",15,4,5,0,0,0,0,8,0,0,8,0,3,0,3,0,0,7,0,0,90,1,0,0,0,0
"McDonald, Tom",12,6,5,0,0,0,1,3,0,0,1,0,1,0,7,2,0,7,0,0,97,1,0,0,0,0
"Melksham, Jake",6,2,2,1,2,0,1,0,4,1,2,0,0,0,3,1,1,1,0,1,77,0,0,0,1,0
"Oliver, Clayton",13,3,18,0,0,0,6,2,2,5,7,0,0,0,10,0,0,1,0,0,77,0,1,0,0,0
"Petracca, Christian",9,3,14,1,1,0,3,0,2,2,5,3,2,0,11,0,1,1,0,0,87,0,1,0,0,0
"Petty, Harry",6,4,5,0,0,0,3,3,1,0,1,1,0,0,5,1,0,1,0,0,87,1,0,0,0,0
"Rivers, Trent",13,9,9,0,0,0,2,7,3,1,1,2,1,0,5,0,0,1,1,0,85,1,0,0,0,0
"Salem, Christian",14,9,6,0,0,0,1,3,0,1,3,0,0,0,5,1,0,0,0,0,84,1,0,0,0,0
"Sharp, Harry",9,3,3,2,0,0,1,1,3,0,1,0,0,0,2,0,0,0,1,0,71,0,0,0,1,0
"Sparrow, Tom",8,5,6,0,1,0,4,0,2,1,3,0,0,0,6,1,0,0,0,0,78,0,0,0,0,0
"van Rooyen, Jacob",3,2,4,1,0,0,2,0,1,0,1,0,1,0,2,1,1,4,0,1,76,0,0,0,1,0
"Viney, Jack",8,2,11,0,0,0,5,1,3,1,5,1,1,0,9,0,0,1,0,1,81,0,1,0,0,0
"Anderson, Noah",14,3,21,1,0,0,4,1,6,3,8,2,0,1,12,0,0,1,0,0,87,0,1,0,0,1
"Andrew, Mac",7,3,2,0,0,0,0,3,1,0,2,1,0,0,1,0,0,5,0,0,84,1,0,0,0,1
"Budarick, Connor",8,5,6,0,0,0,4,0,4,1,2,0,1,0,4,0,0,0,0,0,84,0,0,0,0,1
"Clohesy, Sam",14,9,7,0,0,0,4,3,6,1,1,0,0,0,4,0,0,0,0,0,91,0,0,0,0,1
"Collins, Sam",7,6,3,0,0,0,2,0,0,0,1,2,1,0,7,2,0,6,0,0,97,1,0,0,0,1
"Flanders, Sam",13,4,12,1,1,0,1,0,1,6,7,3,0,0,11,0,0,0,1,1,67,0,1,0,0,1
"Graham, Will",8,5,8,2,1,0,1,0,3,1,2,1,1,0,6,0,2,2,1,2,81,0,0,0,1,1
"Holman, Nick",3,2,5,0,1,0,1,0,0,1,1,0,0,0,3,0,1,0,0,0,57,0,0,0,1,1
"Humphrey, Bailey",10,3,13,1,1,0,6,0,7,4,4,0,1,0,15,2,1,1,1,2,80,0,1,0,0,1
"Jeffrey, Joel",9,2,7,0,1,0,1,4,1,0,3,0,0,0,3,1,0,4,0,0,80,1,0,0,0,1
"King, Ben",9,4,3,4,3,0,2,0,0,0,2,3,0,0,9,2,4,2,0,0,87,0,0,0,1,1
"Long, Ben",10,5,4,1,1,0,2,0,4,1,3,0,0,0,6,1,3,4,0,2,89,0,0,0,1,1
"Miller, Touk",14,9,9,3,1,0,3,1,5,2,2,2,2,2,4,0,2,2,1,1,79,0,1,0,0,1
"Noble, John",22,8,7,1,1,0,3,6,2,1,4,0,2,0,1,0,0,0,0,0,87,1,0,0,0,1
"Powell, Wil",6,2,5,0,0,0,1,2,1,0,2,0,2,0,4,0,0,5,0,0,90,1,0,0,0,1
"Read, Ethan",5,3,2,1,0,4,2,0,2,0,1,0,0,0,2,1,1,1,0,0,68,0,0,0,1,1
"Rioli, Daniel",13,3,7,0,0,0,0,4,5,1,2,1,0,0,5,0,0,2,3,0,78,1,0,0,0,1
"Rogers, Jake",4,2,5,0,0,0,0,0,1,0,1,0,0,0,4,0,0,0,0,0,25,0,0,0,1,1
"Rowell, Matt",15,5,21,0,0,0,7,1,8,13,6,2,1,3,19,0,1,2,1,2,83,0,1,0,0,1
"Uwland, Bodhi",9,3,6,0,0,0,2,4,2,0,1,1,0,0,5,0,0,2,1,0,84,1,0,0,0,1
"Walter, Jed",4,2,8,1,0,0,0,0,3,0,3,1,1,0,8,0,0,2,0,0,66,0,0,0,1,1
"Weller, Lachie",4,2,6,1,1,0,2,0,1,2,1,0,0,0,5,0,1,1,0,0,73,0,0,0,0,1
"Witts, Jarrod",4,1,9,1,0,25,4,2,2,3,1,2,1,0,6,1,1,6,0,0,83,0,0,1,0,1
"Byrnes, Ryan",12,8,6,0,0,0,0,1,5,1,2,0,0,0,4,0,0,1,0,1,87,0,0,0,0,1
"Caminiti, Anthony",13,9,4,0,0,0,0,2,0,0,2,2,2,0,5,1,0,6,0,0,88,1,0,0,0,1
"Collard, Lance",7,3,5,2,2,0,2,1,1,1,2,1,0,0,3,0,2,1,1,2,63,0,0,0,1,1
"Garcia, Hugo",13,5,10,0,2,0,9,3,3,6,3,1,1,0,8,0,0,0,0,0,66,0,1,0,0,1
"Hall, Max",12,8,6,2,1,0,1,1,3,0,4,0,0,0,4,0,2,1,0,2,82,0,0,0,0,1
"Hastie, Angus",5,3,2,0,0,0,0,1,2,0,0,0,0,0,1,0,0,3,0,0,62,0,0,0,0,1
"Higgins, Jack",7,1,4,3,0,0,1,0,2,0,1,2,0,1,6,0,1,0,0,0,92,0,0,0,1,1
"Hill, Bradley",16,4,6,1,1,0,0,2,6,2,2,0,1,0,4,0,2,1,1,3,85,0,0,0,1,1
"Jones, Zak",8,4,12,0,1,0,3,0,2,3,2,1,1,0,8,0,1,4,1,3,77,0,1,0,0,1
"Keeler, Isaac",6,1,3,1,1,3,0,0,3,0,0,0,0,0,0,0,1,2,0,0,82,0,0,0,1,1
"Macrae, Jack",15,4,16,0,0,0,6,3,3,9,5,3,1,0,18,0,0,2,0,0,87,0,1,0,0,1
"Marshall, Rowan",11,12,12,1,0,22,2,1,2,3,2,0,2,0,4,0,1,1,0,0,84,0,0,1,0,1
"OConnell, Liam",0,0,0,0,0,0,1,0,0,0,0,0,0,0,0,0,0,0,0,0,12,1,0,0,0,1
"Owens, Mitch",9,4,5,4,2,3,0,0,2,0,1,1,1,0,7,1,3,3,0,2,87,0,0,0,1,1
"Sharman, Cooper",8,5,3,2,1,0,2,0,1,1,2,0,1,0,5,1,4,1,0,0,73,0,0,0,1,1
"Sinclair, Jack",28,7,12,0,0,0,1,8,6,1,2,1,0,3,4,0,0,1,0,2,85,1,0,0,0,1
"Travaglia, Tobie",6,2,12,0,1,0,3,1,3,3,1,2,0,0,11,0,0,0,0,0,73,0,0,0,0,1
"Wanganeen-Milera, Nasiah",21,7,8,0,0,0,3,3,4,0,6,0,0,2,4,0,0,5,2,1,83,0,1,0,0,1
"Webster, Jimmy",11,8,7,0,0,0,2,1,3,1,3,0,2,0,6,0,0,8,0,2,82,1,0,0,0,1
"Wilkie, Callum",7,4,6,0,0,0,1,3,0,1,1,0,0,0,4,0,0,3,1,0,100,1,0,0,0,1
"Wilson, Darcy",14,5,6,1,0,0,1,2,3,2,5,0,1,0,4,0,0,1,0,0,85,0,0,0,0,1
"Windhager, Marcus",7,1,12,0,1,0,4,1,0,4,6,1,4,0,11,0,0,2,0,0,81,0,1,0,0,1
"Wood, Mason",11,8,5,3,1,0,2,1,2,0,0,0,0,0,3,0,4,0,1,1,83,0,0,0,1,1
"Armstrong, Harry",0,0,2,0,0,0,0,0,0,0,1,0,0,0,1,0,0,1,0,0,45,0,0,0,1,0
"Bauer, Jacob",2,2,2,1,0,0,0,0,1,0,0,0,0,0,2,0,1,2,0,0,79,0,0,0,1,0
"Blight, Jacob",13,12,5,0,0,7,0,3,0,1,4,0,0,0,5,1,0,2,0,0,94,1,0,0,0,0
"Broad, Nathan",15,10,3,0,0,0,0,5,0,0,4,0,1,0,4,1,0,7,1,0,86,1,0,0,0,0
"Brown, Tom",12,8,2,1,0,0,2,5,2,0,1,0,1,0,1,1,0,2,2,0,80,1,0,0,0,0
"Campbell, Seth",7,3,5,3,2,0,2,0,0,2,2,1,0,0,6,0,3,0,0,0,82,0,0,0,1,0
"Dow, Thomson",10,4,10,0,0,0,1,3,2,3,1,2,0,0,5,1,0,2,0,0,71,0,1,0,0,0
"Green, Steely",5,3,5,0,0,0,2,0,4,0,1,0,0,0,3,0,0,1,0,1,85,0,0,0,0,0
"Hopper, Jacob",12,6,13,0,0,0,2,2,3,3,4,1,2,0,9,0,0,1,0,0,81,0,1,0,0,0
"Lalor, Sam",7,5,2,0,1,0,1,0,2,1,1,1,0,0,3,1,0,1,0,1,83,0,0,0,1,0
"Lynch, Tom",6,4,1,1,1,0,1,0,1,0,2,1,1,0,4,1,2,0,0,0,81,0,0,0,1,0
"Mansell, Rhyan",5,2,3,0,1,0,2,0,1,0,0,0,0,0,4,1,0,0,1,0,73,0,0,0,1,0
"McIntosh, Kamdyn",14,8,6,1,0,0,4,2,5,0,1,0,0,0,2,0,0,0,0,1,83,0,1,0,0,0
"Miller, Ben",10,10,2,0,0,0,2,2,1,0,3,0,2,0,0,0,0,8,0,0,95,1,0,0,0,0
"Nankervis, Toby",13,3,8,0,2,35,0,2,3,7,5,2,2,0,16,2,1,1,0,1,79,0,0,1,0,0
"Ross, Jack",11,9,10,0,1,0,3,0,7,1,5,0,2,0,7,1,0,0,1,0,80,0,1,0,0,0
"Short, Jayden",24,6,2,0,0,0,2,2,3,3,4,2,1,0,5,0,0,0,0,0,84,1,0,0,0,0
"Smith, Kaleb",5,3,2,0,0,0,0,2,0,0,0,1,0,0,3,1,0,1,0,0,25,1,0,0,0,0
"Sonsie, Tyler",6,4,4,0,2,0,1,0,2,1,0,0,0,0,3,0,0,0,0,0,81,0,0,0,0,0
"Taranto, Tim",7,1,13,0,0,0,8,1,1,8,1,2,0,0,13,0,0,0,0,0,83,0,1,0,0,0
"Trainor, Luke",14,6,4,0,0,0,2,0,1,0,1,2,0,0,7,0,0,4,0,0,88,1,0,0,0,0
"Trezise, James",9,5,6,0,0,0,5,0,2,3,2,1,2,0,6,0,0,0,0,0,84,0,0,0,0,0
"Vlastuin, Nick",11,5,2,0,0,0,1,7,1,0,3,1,1,0,4,2,0,3,0,0,77,1,0,0,0,0
"Amon, Karl",15,1,6,0,0,0,0,6,2,2,2,0,0,0,6,0,0,2,1,0,80,1,0,0,0,1
"Barrass, Tom",5,4,3,0,0,0,1,2,0,0,3,0,1,0,5,3,0,6,0,0,93,1,0,0,0,1
"Battle, Josh",8,5,5,0,0,0,1,2,3,0,5,0,1,0,3,0,0,3,1,0,95,1,0,0,0,1
"Breust, Luke",0,0,1,0,0,0,1,0,0,0,0,0,0,0,1,0,0,0,0,0,12,0,0,0,1,1
"Chol, Mabior",3,2,2,0,1,1,3,0,1,0,6,0,4,0,1,0,1,0,0,0,73,0,0,0,1,1
"DAmbrosio, Massimo",10,6,3,0,0,0,2,1,4,1,1,1,0,0,4,0,0,0,0,0,79,0,0,0,0,1
"Day, Will",10,3,14,1,3,0,2,2,2,5,4,2,1,1,17,1,1,2,1,0,79,0,1,0,0,1
"Ginnivan, Jack",3,0,9,0,0,0,1,0,1,0,3,0,0,0,8,0,0,1,0,0,76,0,0,0,1,1
"Gunston, Jack",10,4,6,2,3,0,3,0,1,0,3,0,0,0,6,0,3,2,0,2,94,0,0,0,1,1
"Hardwick, Blake",14,9,5,1,3,0,3,1,3,1,3,1,1,0,9,3,4,1,1,2,85,1,0,0,0,1
"Impey, Jarman",7,2,1,0,0,0,2,0,3,0,2,0,0,0,0,0,0,3,3,1,82,1,0,0,0,1
"Jiath, Changkuoth",8,4,6,0,0,0,1,2,3,1,3,1,2,0,6,0,0,4,0,0,69,1,0,0,0,1
"Mackenzie, Cam",12,3,18,0,0,0,5,2,5,5,4,0,2,3,10,0,0,0,0,1,63,0,1,0,0,1
"Maginness, Finn",11,1,14,0,1,0,3,0,5,1,3,0,0,0,7,0,0,1,0,1,90,0,0,0,0,1
"Meek, Lloyd",7,4,7,1,0,31,4,0,4,4,3,0,1,2,9,2,1,0,0,0,80,0,0,1,0,1
"Moore, Dylan",9,2,13,1,0,0,0,1,3,2,1,2,0,0,7,0,0,0,0,0,88,0,0,0,0,1
"Morrison, Harry",11,5,5,1,0,0,2,3,1,1,3,0,0,0,2,0,0,1,0,0,77,0,0,0,0,1
"Nash, Conor",11,4,6,0,0,0,7,1,5,2,4,0,1,0,2,0,0,0,0,0,82,0,0,0,0,1
"Newcombe, Jai",10,4,11,1,0,0,2,2,3,6,6,2,1,0,11,0,2,2,0,0,76,0,1,0,0,1
"Sicily, James",11,6,5,0,0,0,1,5,1,1,2,1,1,0,6,1,0,5,0,0,99,1,0,0,0,1
"Ward, Josh",13,2,9,0,0,0,2,1,5,1,0,1,0,0,4,0,0,0,0,1,69,0,0,0,0,1
"Watson, Nick",10,2,11,1,1,0,5,0,5,0,0,5,0,0,11,1,1,3,2,1,76,0,0,0,1,1
"Weddle, Josh",10,9,10,1,0,2,0,5,1,0,0,1,0,0,4,2,1,1,1,0,85,1,0,0,0,1
"Ash, Lachie",15,9,14,0,0,0,0,8,3,0,4,0,0,0,2,0,0,0,3,0,84,1,0,0,0,0
"Bedford, Toby",6,0,7,2,0,0,13,1,2,2,1,0,0,0,6,0,0,0,0,0,79,0,1,0,0,0
"Briggs, Kieren",6,1,9,0,0,23,6,1,3,8,3,3,1,0,15,1,0,4,0,1,74,0,0,1,0,0
"Buckley, Jack",10,8,4,0,0,0,2,1,0,0,2,1,0,0,5,2,0,6,0,0,92,1,0,0,0,0
"Cadman, Aaron",4,1,3,1,1,0,4,0,2,0,1,1,0,0,3,1,0,2,0,1,76,0,0,0,1,0
"Callaghan, Finn",10,2,11,0,1,0,1,5,6,2,7,0,2,0,5,1,0,0,5,1,79,0,1,0,0,0
"Coniglio, Stephen",10,1,5,0,0,0,3,2,3,1,6,1,3,0,5,0,0,1,0,0,83,0,0,0,0,0
"Daniels, Brent",4,2,11,0,0,0,5,0,2,2,0,0,0,0,5,1,0,0,0,1,85,0,0,0,0,0
"Green, Tom",9,1,22,0,0,0,4,2,2,5,8,1,0,0,16,0,0,1,0,0,85,0,1,0,0,0
"Greene, Toby",11,4,8,2,0,0,2,1,7,1,7,0,0,0,9,1,2,0,0,1,90,0,0,0,1,0
"Himmelberg, Harry",18,11,6,0,0,0,2,7,1,1,4,2,1,0,4,0,0,6,0,0,94,1,0,0,0,0
"Hogan, Jesse",7,4,4,4,0,0,1,0,1,1,2,2,1,0,6,0,3,1,0,0,90,0,0,0,1,0
"Idun, Connor",9,8,13,0,0,0,1,3,2,0,2,1,0,0,7,0,0,3,0,0,84,1,0,0,0,0
"Jones, Darcy",5,2,5,0,0,0,2,0,1,0,3,0,1,0,5,0,0,0,0,2,77,0,0,0,1,0
"Keeffe, Lachlan",3,0,5,0,0,10,2,0,1,2,2,2,1,0,5,0,0,1,0,0,60,0,0,1,0,0
"Kelly, Josh",9,3,14,0,0,0,5,4,2,2,5,1,2,0,8,0,0,3,0,0,78,1,0,0,0,0
"OHalloran, Xavier",2,1,5,0,1,0,1,1,1,1,2,0,0,0,4,1,1,4,0,0,70,0,0,0,0,0
"Stone, Conor",9,7,9,0,0,0,1,5,1,0,6,1,1,0,2,0,0,2,0,0,68,1,0,0,0,0
"Stringer, Jake",8,1,6,0,3,0,3,0,1,2,1,0,0,0,6,0,0,0,0,0,84,0,0,0,1,0
"Taylor, Sam",9,7,7,0,0,0,1,4,2,1,5,0,2,0,10,5,0,6,0,0,100,1,0,0,0,0
"Ward, Callan",1,1,3,0,0,0,1,0,0,1,1,0,1,0,3,0,0,0,0,0,67,0,0,0,0,0
"Wehr, Jacob",4,1,1,0,0,0,1,3,0,1,1,0,0,0,2,0,0,1,0,0,22,1,0,0,0,0
"Whitfield, Lachie",25,7,9,0,1,0,2,3,4,0,5,0,1,0,4,0,0,2,1,1,78,1,0,0,0,0
"Ah Chee, Callum",5,5,6,0,0,0,2,1,1,0,1,0,0,0,4,0,0,2,0,1,78,0,0,0,1,1
"Andrews, Harris",9,8,3,0,0,0,3,8,1,0,1,1,0,0,6,2,0,14,0,1,96,1,0,0,0,1
"Answerth, Noah",12,5,5,0,1,0,1,2,2,0,3,1,0,0,2,0,0,6,0,0,78,1,0,0,0,1
"Ashcroft, Levi",9,5,3,1,0,0,1,3,1,0,3,0,0,0,1,0,0,0,0,0,79,1,0,0,0,1
"Ashcroft, Will",11,6,22,1,0,0,3,2,4,5,3,2,0,0,15,0,0,0,1,1,85,0,1,0,0,1
"Bailey, Zac",11,3,8,1,2,0,6,2,3,2,4,1,1,0,11,0,2,0,3,1,82,0,0,0,0,1
"Berry, Jarrod",12,4,5,1,0,0,3,1,5,0,3,2,1,0,6,0,1,2,0,0,71,0,0,0,0,1
"Cameron, Charlie",6,1,1,1,0,0,4,0,3,0,1,0,0,0,4,0,1,2,1,1,87,0,0,0,1,1
"Day, Sam",4,3,2,0,0,9,4,1,1,1,3,0,3,0,3,0,0,0,0,0,74,0,0,0,1,1
"Dunkley, Josh",21,4,5,0,1,0,6,1,6,9,5,3,1,0,11,0,0,3,0,0,81,0,1,0,0,1
"Fletcher, Jaspa",8,3,5,0,0,0,1,1,2,2,2,0,0,0,6,0,0,2,0,0,74,1,0,0,0,1
"Fort, Darcy",8,0,2,0,1,39,3,1,2,4,4,3,2,0,7,0,0,1,0,0,82,0,0,1,0,1
"Hipwood, Eric",6,4,2,1,0,0,3,0,2,0,6,0,1,0,3,1,0,2,0,0,82,0,0,0,1,1
"Lester, Ryan",13,6,2,0,0,0,1,3,0,2,2,0,1,0,7,0,0,1,0,0,97,1,0,0,0,1
"Lohmann, Kai",3,1,1,0,0,0,0,0,2,1,1,0,0,0,3,0,0,1,0,0,54,0,0,0,1,1
"McCluggage, Hugh",17,4,13,0,0,0,8,0,7,6,7,6,2,2,17,0,0,1,0,1,80,0,1,0,0,1
"Morris, Logan",4,2,6,1,0,0,5,0,1,0,2,1,0,0,4,0,1,1,0,0,75,0,0,0,1,1
"Neale, Lachie",15,3,5,0,1,0,6,0,5,4,3,2,0,0,6,0,1,1,0,0,84,0,1,0,0,1
"Payne, Jack",11,7,0,0,0,0,1,2,3,0,1,0,1,1,3,1,0,7,0,0,94,1,0,0,0,1
"Rayner, Cam",10,3,5,1,1,0,1,0,8,3,5,2,2,0,10,0,0,0,0,0,73,0,1,0,0,1
"Reville, Bruce",5,2,2,1,0,0,1,1,2,0,0,0,0,0,2,0,0,1,2,1,32,0,0,0,0,1
"Wilmot, Darcy",9,7,7,0,0,0,2,1,1,1,2,0,0,0,7,0,0,2,0,0,75,1,0,0,0,1
"Zorko, Dayne",23,7,5,1,0,0,4,8,5,5,7,0,1,3,13,0,1,5,1,0,86,1,0,0,0,1
"Atkins, Tom",6,1,8,0,0,0,14,2,1,7,3,1,2,0,12,0,0,3,0,0,84,0,1,0,0,0
"Blicavs, Mark",8,2,4,1,1,16,5,2,1,5,2,2,2,0,10,1,0,0,0,0,79,0,0,1,0,0
"Bowes, Jack",16,1,3,0,0,0,3,7,5,5,5,1,2,0,9,0,0,2,1,1,73,1,0,0,0,0
"Cameron, Jeremy",8,4,0,1,0,0,0,0,5,0,2,0,1,0,1,1,1,1,0,1,92,0,0,0,1,0
"Clark, Jhye",7,3,5,1,0,0,4,0,1,2,5,0,0,0,4,0,1,1,0,0,65,0,0,0,0,0
"Clohesy, Ted",8,2,5,0,0,0,3,2,1,2,6,1,3,0,10,1,0,0,0,0,67,0,0,0,0,0
"Close, Brad",8,3,2,1,0,0,4,0,2,1,3,3,1,0,4,1,1,1,0,0,78,0,0,0,0,0
"Dangerfield, Patrick",13,4,3,2,1,0,5,0,4,4,6,0,2,0,8,1,3,2,0,0,75,0,0,0,0,0
"De Koning, Sam",9,2,7,0,0,20,0,4,2,4,6,2,1,0,10,0,0,2,0,0,68,0,0,1,0,0
"Dempsey, Oliver",7,2,4,1,1,0,1,1,0,1,1,0,0,0,6,0,2,1,1,1,81,0,0,0,0,0
"Guthrie, Zach",15,5,3,0,0,0,0,7,0,0,6,1,0,0,7,1,0,1,0,0,82,1,0,0,0,0
"Henry, Jack",12,4,0,0,0,0,0,6,0,0,0,2,0,0,3,0,0,7,0,0,91,1,0,0,0,0
"Henry, Oliver",9,3,0,1,0,0,0,0,3,0,2,1,0,0,2,0,0,3,0,2,81,0,0,0,1,0
"Holmes, Max",19,9,10,1,0,0,3,8,3,2,8,0,1,0,11,0,0,0,2,0,79,0,1,0,0,0
"Humphries, Lawson",11,4,7,0,0,0,4,8,1,2,2,1,0,0,7,0,0,5,1,1,86,1,0,0,0,0
"Knevitt, Mitch",1,0,3,0,0,0,2,0,1,0,1,0,0,0,1,0,0,0,0,0,19,0,0,0,0,0
"Miers, Gryan",15,8,7,0,1,0,7,4,5,0,2,0,0,0,7,0,0,0,0,0,88,0,0,0,0,0
"Mullin, Oisin",9,6,6,0,0,0,1,1,1,0,3,0,3,0,6,0,1,1,0,1,87,1,0,0,0,0
"Neale, Shannon",3,1,2,0,0,3,4,0,2,0,2,1,2,0,4,0,0,3,0,0,88,0,0,0,1,0
"OConnor, Mark",5,4,7,0,0,0,2,1,1,2,1,0,1,0,4,0,0,4,0,0,82,0,0,0,0,0
"OSullivan, Connor",4,5,6,0,0,0,2,3,0,0,0,0,0,0,6,1,0,10,0,0,93,1,0,0,0,0
"Smith, Bailey",18,3,7,0,0,0,11,0,8,5,10,0,3,0,10,0,0,4,0,0,82,0,1,0,0,0
"Stengle, Tyson",8,1,2,0,1,0,2,0,1,1,1,0,0,0,5,0,1,1,0,1,80,0,0,0,1,0
"Borlase, James",5,3,3,0,0,0,2,1,0,1,1,0,1,0,4,0,0,6,0,0,90,1,0,0,0,1
"Crouch, Matt",8,2,11,0,0,0,2,1,1,4,4,1,2,0,9,0,0,0,0,0,62,0,0,0,0,1
"Cumming, Isaac",8,5,5,0,0,0,1,1,1,0,2,0,1,0,5,0,0,1,0,0,71,0,0,0,0,1
"Curtin, Daniel",11,5,4,2,0,0,3,2,2,0,1,1,0,0,4,0,2,1,3,1,77,0,0,0,0,1
"Dawson, Jordan",11,3,8,0,1,0,6,3,6,6,2,2,0,0,9,0,0,4,1,1,86,0,1,0,0,1
"Draper, Sid",4,1,3,2,0,0,4,0,0,0,1,0,1,0,1,0,1,0,1,0,59,0,0,0,0,1
"Fogarty, Darcy",4,3,2,2,1,0,1,0,1,0,2,0,2,0,1,1,2,1,0,0,83,0,0,0,1,1
"Hinge, Mitch",16,7,4,0,0,0,4,8,1,0,2,3,0,0,6,0,0,2,0,0,82,1,0,0,0,1
"Keane, Mark",3,0,1,0,0,0,2,0,0,0,1,0,1,0,1,0,0,11,0,0,90,1,0,0,0,1
"Keays, Ben",12,7,8,2,0,0,3,1,3,1,3,0,0,0,5,0,1,1,0,2,87,0,0,0,1,1
"Laird, Rory",12,7,20,0,0,0,2,0,1,3,1,3,0,3,14,0,0,3,0,0,85,1,0,0,0,1
"Michalanney, Max",8,5,2,0,0,0,2,4,1,0,1,2,1,0,5,2,0,4,0,0,91,1,0,0,0,1
"Milera, Wayne",6,1,3,0,0,0,4,3,1,0,5,0,2,0,4,0,0,1,0,0,76,1,0,0,0,1
"Neal-Bullen, Alex",8,3,4,1,1,0,3,1,4,0,1,2,1,0,4,0,1,0,0,2,85,0,0,0,1,1
"OBrien, Reilly",7,5,9,0,0,32,2,0,3,5,4,0,2,0,10,0,0,3,0,0,89,0,0,1,0,1
"Peatling, James",12,4,11,0,1,0,2,1,5,6,2,0,0,0,10,0,0,0,0,3,77,0,0,0,1,1
"Rachele, Josh",4,3,1,0,0,0,1,1,1,0,1,0,0,0,0,0,0,3,0,0,14,0,0,0,0,1
"Rankine, Izak",18,5,12,0,2,0,5,1,4,8,4,4,1,0,19,1,1,3,3,0,83,0,0,0,0,1
"Sholl, Lachlan",6,4,3,0,0,0,1,2,2,0,3,0,1,0,1,0,0,1,0,0,88,1,0,0,0,1
"Soligo, Jake",19,5,9,1,0,0,5,0,9,6,7,2,1,0,10,0,0,0,0,1,81,0,1,0,0,1
"Thilthorpe, Riley",11,8,6,3,1,8,1,0,3,0,2,1,1,2,6,2,3,0,0,2,82,0,0,0,1,1
"Walker, Taylor",11,5,3,4,2,4,1,0,4,3,6,0,1,1,6,2,1,1,0,1,76,0,0,0,1,1
"Worrell, Josh",13,4,5,0,0,0,1,4,2,0,2,0,0,0,4,0,0,3,0,0,86,1,0,0,0,1
"Comben, Charlie",12,7,1,0,0,0,2,3,1,0,3,0,2,0,7,3,0,4,0,0,83,1,0,0,0,0
"Corr, Aidan",12,4,2,0,0,0,1,4,0,0,1,0,1,0,2,0,0,7,1,0,95,1,0,0,0,0
"Curtis, Paul",5,3,4,2,0,0,4,0,1,0,5,2,3,0,8,1,1,2,0,2,81,0,0,0,1,0
"Daniel, Caleb",22,9,11,0,0,0,0,4,2,2,3,0,0,0,7,0,0,3,4,0,76,1,0,0,0,0
"Darling, Jack",8,4,3,1,0,7,2,1,3,2,1,1,0,0,5,0,0,1,0,1,77,0,0,0,1,0
"Davies-Uniacke, Luke",11,5,8,0,1,0,2,1,5,3,2,0,1,0,5,0,1,0,0,0,85,0,1,0,0,0
"Hansen, Robert",6,3,0,0,0,0,1,0,2,0,3,0,1,0,0,0,0,1,0,0,54,0,0,0,0,0
"Konstanty, Jacob",3,3,4,2,1,0,1,0,0,0,1,0,1,0,2,0,3,0,0,0,72,0,0,0,1,0
"Larkey, Nick",9,5,2,4,2,0,0,0,0,1,0,2,0,0,6,1,3,2,0,0,93,0,0,0,1,0
"McDonald, Luke",8,4,7,0,0,0,4,2,1,0,0,2,0,0,7,1,0,5,1,0,86,1,0,0,0,0
"McKercher, Colby",14,8,5,0,0,0,0,2,4,1,2,0,1,0,3,0,0,0,4,1,78,1,0,0,0,0
"OSullivan, Finn",8,5,8,0,0,0,0,2,2,0,3,0,1,0,4,0,0,1,1,0,80,1,0,0,0,0
"Parker, Luke",10,3,11,0,0,0,6,2,1,5,6,1,1,0,13,0,1,1,1,2,76,0,1,0,0,0
"Phillips, Will",4,2,8,0,0,0,2,0,3,3,3,0,0,0,6,0,0,0,0,1,69,0,1,0,0,0
"Pink, Toby",11,6,2,0,0,0,1,6,1,0,1,0,1,0,3,0,0,5,0,0,95,1,0,0,0,0
"Powell, Tom",8,4,13,0,0,0,3,1,2,3,4,1,1,0,4,0,0,0,0,0,75,0,1,0,0,0
"Scott, Bailey",8,7,4,0,0,0,0,1,3,0,3,0,2,0,2,0,0,1,1,0,82,0,0,0,0,0
"Sheezel, Harry",11,2,15,0,0,0,5,4,2,4,2,1,0,0,8,0,0,0,0,0,84,1,0,0,0,0
"Simpkin, Jy",22,7,9,1,0,0,1,2,8,9,5,2,0,0,15,0,0,1,1,0,87,0,1,0,0,0
"Stephens, Dylan",7,2,4,1,0,0,0,1,1,0,2,1,0,0,2,0,0,0,0,0,30,0,0,0,0,0
"Tucker, Darcy",12,4,7,0,0,0,3,2,2,1,2,2,0,0,3,0,0,1,1,0,77,0,0,0,0,0
"Xerri, Tristan",4,1,13,0,0,28,4,0,1,6,9,4,4,0,11,0,0,0,0,1,76,0,0,1,0,0
"Zurhaar, Cameron",5,2,3,1,0,0,5,0,2,0,3,0,1,0,4,1,0,3,0,1,89,0,0,0,1,0
"Allen, Oscar",3,1,1,0,0,0,4,1,1,0,2,0,0,0,1,0,0,3,0,0,84,1,0,0,0,0
"Baker, Liam",12,3,11,0,0,0,3,2,3,3,4,2,0,0,10,0,0,0,0,1,81,0,0,0,0,0
"Brockman, Tyler",3,2,3,1,0,0,2,1,0,1,3,3,2,0,3,0,0,0,0,0,77,0,1,0,0,0
"Cole, Tom",6,4,7,0,0,0,2,2,1,0,3,0,1,0,4,1,0,2,0,0,80,1,0,0,0,0
"Cripps, Jamie",8,3,5,2,0,0,3,3,0,2,0,1,0,0,4,0,2,1,0,1,90,0,0,0,1,0
"Dewar, Tyrell",10,4,9,0,0,0,0,4,3,0,6,2,1,0,3,0,0,1,2,0,78,0,0,0,0,0
"Duggan, Liam",12,5,1,0,0,0,1,3,1,1,2,0,1,0,3,1,0,1,0,0,86,1,0,0,0,0
"Edwards, Harry",5,5,2,0,0,0,0,2,0,0,3,0,1,0,1,1,0,5,0,0,61,1,0,0,0,0
"Ginbey, Reuben",7,3,4,0,0,0,3,5,0,1,1,1,1,0,7,0,0,4,2,0,87,1,0,0,0,0
"Graham, Jack",9,0,8,0,1,0,7,3,2,2,2,1,2,0,9,0,0,3,1,1,78,0,1,0,0,0
"Hewett, Elijah",2,0,4,0,0,0,2,0,1,1,1,0,0,0,3,0,0,1,0,0,33,0,1,0,0,0
"Hough, Brady",7,5,6,0,0,0,0,2,1,0,3,1,2,0,4,1,0,1,0,0,90,1,0,0,0,0
"Hunt, Jayden",11,3,3,1,2,0,0,3,2,2,4,0,1,0,5,0,1,0,0,0,87,0,0,0,0,0
"Kelly, Tim",12,3,6,0,1,0,2,1,3,4,3,0,2,0,7,0,0,0,0,1,77,0,0,0,0,0
"Long, Noah",4,4,7,0,0,0,0,1,1,1,2,0,0,0,3,0,0,1,1,0,85,0,0,0,0,0
"Maric, Ryan",24,8,4,0,0,0,0,6,1,0,4,0,1,0,4,1,0,3,3,1,85,1,0,0,0,0
"McGovern, Jeremy",12,9,3,0,0,0,1,8,0,0,3,0,2,0,4,1,0,5,0,0,57,1,0,0,0,0
"Owies, Matthew",2,1,4,1,0,0,3,0,1,0,2,0,0,0,2,0,1,0,0,0,76,0,0,0,1,0
"Reid, Archer",7,5,1,2,2,6,1,0,2,1,0,2,0,0,8,3,4,4,0,1,83,0,0,0,1,0
"Reid, Harley",11,3,4,1,1,0,3,1,3,1,6,1,3,0,5,1,1,0,2,1,85,0,1,0,0,0
"Ryan, Liam",8,3,2,1,0,0,0,0,5,0,2,0,0,0,4,0,0,0,0,1,84,0,0,0,1,0
"Williams, Bailey",7,1,6,0,0,22,4,0,4,5,1,2,0,0,11,0,0,2,0,0,75,0,0,1,0,0
"Williams, Jack",4,4,4,1,0,1,5,0,2,0,1,0,1,0,3,1,1,0,0,1,81,0,0,0,1,0
"Aish, James",1,0,2,0,0,0,1,1,0,0,0,2,0,0,2,0,0,1,0,0,20,0,0,0,0,1
"Amiss, Jye",7,6,3,4,1,0,1,0,1,0,1,1,0,0,1,0,6,0,0,0,91,0,0,0,1,1
"Banfield, Bailey",9,2,9,0,0,0,2,0,3,2,2,1,0,0,10,0,0,4,0,2,78,0,0,0,0,1
"Bolton, Shai",7,3,14,0,2,0,2,0,5,2,8,2,2,0,12,0,1,2,5,1,79,0,1,0,0,1
"Brayshaw, Andrew",17,1,12,0,2,0,7,4,9,6,4,2,0,3,9,0,0,0,0,2,78,0,1,0,0,1
"Chapman, Heath",10,5,2,0,0,0,1,3,4,0,2,0,2,0,3,1,0,2,0,1,87,1,0,0,0,1
"Clark, Jordan",15,6,3,1,0,0,4,3,4,0,2,0,1,0,3,1,0,0,0,0,91,1,0,0,0,1
"Cox, Brennan",5,3,1,0,0,0,0,1,0,0,0,0,0,0,2,1,0,4,0,0,80,1,0,0,0,1
"Draper, Josh",3,2,1,0,0,0,0,1,1,1,1,0,0,0,2,1,0,3,0,0,88,1,0,0,0,1
"Dudley, Isaiah",9,3,1,2,0,0,0,0,4,0,0,0,0,0,2,0,1,1,1,0,69,0,0,0,1,1
"Erasmus, Neil",8,5,10,0,1,0,1,2,3,4,1,0,1,0,6,0,0,1,0,1,65,0,0,0,0,1
"Frederick, Michael",10,7,4,1,0,0,0,0,5,0,3,0,1,0,3,2,2,0,0,1,81,0,0,0,1,1
"Jackson, Luke",7,5,10,1,0,35,2,1,3,4,1,0,1,1,7,1,1,3,0,0,79,0,0,1,0,1
"Johnson, Matthew",10,5,7,1,1,0,2,0,3,3,1,1,0,0,4,0,0,0,0,0,84,0,1,0,0,1
"ODriscoll, Nathan",15,4,7,1,0,0,6,0,6,5,6,4,2,0,12,1,0,0,0,1,83,0,0,0,0,1
"Pearce, Alex",7,5,1,0,0,0,0,2,1,0,0,0,0,0,2,0,0,4,0,0,88,1,0,0,0,1
"Reid, Murphy",9,2,10,0,2,0,5,0,3,1,1,0,0,0,6,0,1,2,0,2,79,0,0,0,1,1
"Ryan, Luke",14,6,2,0,0,0,1,3,1,1,1,2,0,0,3,0,0,5,0,1,83,1,0,0,0,1
"Serong, Caleb",18,2,17,0,0,0,1,4,4,10,8,2,0,2,17,0,0,1,0,0,79,0,1,0,0,1
"Sharp, Jeremy",5,2,4,0,1,0,1,0,2,1,2,0,1,0,1,0,0,0,0,0,75,0,0,0,0,1
"Treacy, Josh",6,5,7,3,0,0,1,0,0,0,3,2,2,0,7,3,3,0,0,1,83,0,0,0,1,1
"Voss, Patrick",9,7,3,1,3,3,1,0,2,0,6,2,3,0,5,2,6,0,0,1,78,0,0,0,1,1
"Worner, Karl",9,3,4,0,0,0,0,2,1,0,2,0,0,0,3,0,0,3,0,0,83,0,0,0,0,1
